UID,MAE,RMSE
30494,2.9908361434936523,3.8192434310913086
9885,0.9518535733222961,1.1592599153518677
91166,0.9692236185073853,1.1639378070831299
103000,1.7008060216903687,2.2725954055786133
74274,3.7345736026763916,4.658539295196533
16969,2.561809778213501,2.852752447128296
15016,1.643406629562378,1.843790888786316
124786,4.306922912597656,5.075988292694092
62624,2.4510509967803955,3.257676124572754
75905,3.3385841846466064,3.4664812088012695
66290,3.408445358276367,4.17958402633667
102999,3.4613966941833496,4.551506042480469
28147,4.246936798095703,4.799887657165527
44014,3.308401107788086,3.9835667610168457
51448,3.277863025665283,3.639010190963745
111214,1.1679902076721191,1.5998812913894653
76089,4.9220781326293945,5.920984268188477
109969,3.260303258895874,3.9849324226379395
120304,4.403109550476074,5.033076763153076
12890,3.5148916244506836,4.032418727874756
66470,1.5368638038635254,2.17252779006958
9236,1.3325179815292358,1.6913790702819824
11919,4.440888404846191,5.216277599334717
103863,1.5769404172897339,2.26581072807312
54796,2.992708206176758,3.6559455394744873
111918,2.1090457439422607,2.5660042762756348
15946,5.088797092437744,5.56851053237915
35331,1.1418389081954956,1.5225787162780762
86869,3.3160240650177,4.218242645263672
35791,1.3908835649490356,1.7479695081710815
61899,4.583659648895264,5.293098449707031
58503,1.888081431388855,2.3684186935424805
85531,4.2648115158081055,4.848289966583252
114642,0.9367250800132751,1.1613516807556152
89145,1.8464876413345337,2.372847080230713
75476,1.7274258136749268,2.554575204849243
42184,1.5536057949066162,2.551473379135132
23393,0.9869052767753601,1.2427090406417847
90972,1.9701964855194092,2.7949352264404297
76357,1.2543972730636597,1.5341869592666626
77236,4.903824329376221,5.484432697296143
83888,2.709307909011841,3.0253307819366455
28255,3.346996545791626,3.8977060317993164
51279,2.9926278591156006,3.7721190452575684
44829,1.2537506818771362,1.7870235443115234
38766,0.9709317088127136,1.146754503250122
125831,2.6735963821411133,3.3892691135406494
135123,1.542215347290039,1.800507664680481
125036,1.4801064729690552,2.0629754066467285
30634,0.998808741569519,1.2009186744689941
54948,0.8264049291610718,1.4063738584518433
95740,4.025631904602051,4.711376190185547
79263,1.2680027484893799,1.5970988273620605
15354,1.9759005308151245,2.4509599208831787
129271,0.6299318075180054,0.8078432679176331
23359,2.248641014099121,2.3445026874542236
88470,2.7666797637939453,3.743255376815796
20391,2.569528818130493,3.4196133613586426
101487,1.3718711137771606,1.9491851329803467
70505,1.6536049842834473,2.0859968662261963
40507,1.6086829900741577,2.2557456493377686
122877,3.1322896480560303,4.092170238494873
92496,2.00527286529541,2.47676157951355
34649,2.0296032428741455,2.7547290325164795
83655,1.1751738786697388,1.412933349609375
131182,5.643740177154541,5.9455108642578125
128981,2.713728189468384,3.3755593299865723
30087,1.1700513362884521,1.5639532804489136
35733,1.2600526809692383,1.5320454835891724
19369,3.852710723876953,4.5215678215026855
66952,0.9813774824142456,1.4558093547821045
33068,1.1855363845825195,1.5099895000457764
121721,3.5368738174438477,4.074534893035889
36207,2.4326934814453125,2.7608840465545654
3558,4.9362921714782715,5.466256618499756
101771,4.714627742767334,5.267301559448242
133986,5.765976905822754,6.54437255859375
18467,4.906627178192139,5.635208606719971
66705,2.2485241889953613,2.8855538368225098
133635,2.5911648273468018,3.4521374702453613
4572,4.354746341705322,4.604928016662598
27978,2.9378421306610107,3.4714503288269043
6878,2.2141780853271484,2.4972891807556152
116419,0.815967321395874,0.9773581027984619
13542,0.7120112776756287,1.098958134651184
23206,3.5494987964630127,4.492719650268555
64103,1.0070029497146606,1.1458861827850342
101361,2.0819036960601807,2.910303831100464
131825,1.9035385847091675,2.759319305419922
54430,3.3846395015716553,4.339301109313965
29620,0.3923998773097992,0.5182439088821411
46289,0.8557930588722229,1.0813182592391968
114477,1.2188273668289185,1.4988828897476196
5375,2.859018325805664,3.0849790573120117
15262,3.8719966411590576,4.1788249015808105
30763,3.3250608444213867,4.147462844848633
109716,1.5653382539749146,2.4754722118377686
81414,2.9032411575317383,3.9459691047668457
101748,3.2177534103393555,4.163517475128174
48975,4.24049711227417,5.406174182891846
43100,1.5402079820632935,2.0247139930725098
99247,3.9467315673828125,4.052381992340088
5590,3.593785285949707,4.492921352386475
32065,2.444740056991577,3.1572890281677246
127827,2.8878695964813232,3.5490386486053467
134227,1.0082145929336548,1.2999016046524048
54498,4.114211559295654,4.884369850158691
78751,2.1713643074035645,2.6705942153930664
130555,0.7693503499031067,1.3988420963287354
4092,2.392345666885376,3.3117854595184326
89109,1.9946519136428833,2.2600297927856445
84703,0.9184735417366028,1.4598723649978638
33385,3.9777655601501465,4.664579391479492
32531,0.9781867861747742,1.1199285984039307
50837,1.8477318286895752,2.755399227142334
15950,4.082222938537598,5.2396769523620605
120974,1.0332367420196533,1.8683340549468994
1441,1.642676830291748,2.1319222450256348
74647,2.8012945652008057,3.6421000957489014
74136,4.1393561363220215,4.493083477020264
22605,1.3460322618484497,1.9468047618865967
122632,0.8948503136634827,1.061896562576294
38801,3.257434844970703,4.118408679962158
71017,1.305558443069458,2.0278103351593018
125877,1.8023390769958496,2.5745980739593506
91978,3.155093193054199,3.576956272125244
80849,2.248948812484741,2.6376421451568604
10915,4.036131858825684,4.65565824508667
55337,1.51811683177948,2.0289692878723145
36648,6.170036315917969,7.291347980499268
35808,2.4963698387145996,3.6175782680511475
84729,5.050037860870361,5.90753698348999
16482,3.586622714996338,4.166904926300049
15090,1.7355003356933594,2.5558547973632812
115589,4.54512882232666,5.4005961418151855
96013,1.174599528312683,1.661440134048462
72787,1.8531837463378906,2.3945741653442383
100873,3.0906009674072266,3.7104060649871826
87251,1.2623109817504883,1.7102622985839844
90468,2.01979398727417,2.7846367359161377
98788,5.001511096954346,6.184689521789551
90281,3.0631511211395264,3.461148500442505
129783,2.187514305114746,2.6465160846710205
33363,0.9653213620185852,1.1534242630004883
51431,3.50549054145813,4.27032995223999
103471,2.8387608528137207,3.309537649154663
80174,1.0751129388809204,1.413893699645996
11096,3.4245798587799072,4.212330341339111
116160,2.069005250930786,2.5704448223114014
94666,1.7005149126052856,2.235161304473877
100099,3.257026433944702,3.754206418991089
52526,4.92840051651001,6.135708808898926
4800,2.4698069095611572,3.1585311889648438
62171,3.976093053817749,4.743039608001709
15535,2.2525453567504883,2.780885934829712
116274,1.049851655960083,1.3493801355361938
72872,3.585939407348633,4.062993049621582
1078,2.9165890216827393,3.7525153160095215
68063,1.1565055847167969,1.9886866807937622
68309,4.39430046081543,5.221044540405273
37508,4.324681282043457,5.11088228225708
4115,1.649742841720581,2.3533425331115723
33411,0.886265754699707,1.1735783815383911
50346,3.9695932865142822,4.371242046356201
78099,0.9071230292320251,1.0775353908538818
67553,1.0313581228256226,1.2424952983856201
133044,1.7555078268051147,2.4043798446655273
18413,3.5934619903564453,4.393275260925293
118777,2.19866681098938,2.978034734725952
46570,2.0021560192108154,3.0392308235168457
29313,3.1216847896575928,3.7031195163726807
35477,1.082125186920166,1.3091025352478027
19295,2.7927238941192627,3.386653184890747
2158,3.1074459552764893,3.880824327468872
36365,1.374449372291565,1.679663896560669
6915,3.399477958679199,3.853431463241577
66873,3.5766170024871826,4.398059844970703
74374,2.352184772491455,3.0758895874023438
88123,6.175746440887451,6.492446422576904
112405,4.500612735748291,5.063069820404053
9299,1.0671682357788086,1.4652730226516724
3398,4.972647190093994,5.28242301940918
104071,5.090177059173584,6.127779006958008
66621,4.108273506164551,4.497267246246338
14942,2.8747406005859375,3.398524522781372
112577,1.8456358909606934,2.552072763442993
26767,2.7121870517730713,3.564211845397949
55472,2.6389834880828857,3.1147687435150146
18243,1.7331620454788208,2.5128071308135986
83620,3.9484527111053467,4.521213531494141
70578,0.9386807084083557,1.4906878471374512
55543,1.0353224277496338,1.1596685647964478
66291,1.4234715700149536,1.6760573387145996
61545,1.4697580337524414,1.9508317708969116
101174,2.0141937732696533,2.7258760929107666
107400,1.3038169145584106,2.1270933151245117
30819,4.2891621589660645,4.528756618499756
117777,2.4136312007904053,3.7783703804016113
71307,2.883322238922119,3.8320505619049072
76916,1.2986537218093872,1.5655440092086792
95268,2.696385383605957,2.8602969646453857
37292,3.9198780059814453,4.801894187927246
47278,2.3628456592559814,2.9653079509735107
53970,3.0738518238067627,3.6757142543792725
83847,2.2959015369415283,2.73186993598938
3304,4.0677337646484375,4.407322883605957
32494,4.184208393096924,5.879347324371338
79329,2.4360008239746094,3.114806652069092
54181,3.0849242210388184,3.9166743755340576
115978,1.1828129291534424,1.5240598917007446
87757,1.9558051824569702,2.6999292373657227
111380,1.596470594406128,2.44645357131958
48956,1.9889720678329468,2.4223504066467285
116431,1.8897795677185059,3.0772385597229004
131646,0.9025440812110901,1.436822772026062
40751,1.0228310823440552,1.1881721019744873
93983,2.9040122032165527,3.3968632221221924
125099,3.9890124797821045,4.397736072540283
31164,1.235863447189331,1.5616002082824707
59942,0.9255075454711914,1.180367350578308
119413,1.3883730173110962,1.7352275848388672
19416,3.149080276489258,3.6256582736968994
77247,1.1813547611236572,1.3725489377975464
24108,3.374293804168701,3.9075281620025635
34966,2.309135913848877,2.887882947921753
23049,2.800183057785034,2.9456677436828613
50469,3.281660795211792,4.0098161697387695
3560,2.084642171859741,2.777967691421509
109402,1.1297539472579956,1.5136010646820068
38220,1.476096510887146,2.019906520843506
106653,4.024140357971191,4.746872425079346
51891,2.692396640777588,3.477588415145874
120232,4.086032867431641,4.7152838706970215
47226,0.6267041563987732,0.8527784943580627
2763,4.707848072052002,4.842700004577637
10539,2.920743703842163,3.733245372772217
87624,1.5755538940429688,1.8348045349121094
48047,4.565302848815918,5.237975597381592
58426,1.0767741203308105,1.2403016090393066
110172,3.8405210971832275,4.4845499992370605
129949,1.315171718597412,1.7814323902130127
80779,1.524139404296875,1.9738878011703491
103883,2.500197172164917,3.216869354248047
48049,3.292396306991577,3.786210775375366
124697,3.2997772693634033,3.7202155590057373
62463,2.4065070152282715,2.98885440826416
45034,4.013009548187256,4.760522842407227
34708,6.482247352600098,7.178994178771973
65865,1.0363048315048218,1.34347403049469
86056,2.5691161155700684,2.9747583866119385
9239,3.970397472381592,4.545426845550537
44742,3.243849515914917,4.039847373962402
128096,2.718592405319214,3.493292808532715
132773,4.656933784484863,5.140827655792236
61473,2.403113842010498,2.8633978366851807
31353,1.0787252187728882,1.5584962368011475
79061,4.266891956329346,4.711671829223633
93655,1.9908279180526733,2.2691335678100586
115326,4.195563793182373,4.805043697357178
107425,1.3518987894058228,1.6442220211029053
107759,3.798917293548584,4.625174045562744
37105,0.830021858215332,1.0333219766616821
17627,3.3832221031188965,4.242617130279541
38396,3.6355931758880615,4.5898613929748535
84516,4.809217929840088,5.2296013832092285
33884,1.6857026815414429,1.967424750328064
38574,4.459776878356934,4.9925336837768555
83105,4.627193450927734,5.432157516479492
22264,2.125424861907959,2.214428424835205
100810,4.4072113037109375,4.8519487380981445
69424,1.8223893642425537,2.3814616203308105
106631,4.768898010253906,5.051558971405029
128237,2.6016476154327393,2.848745346069336
65882,3.393371820449829,3.7796859741210938
121992,1.3483080863952637,1.5512462854385376
41312,2.2375869750976562,2.4270119667053223
32640,4.873923301696777,5.79528284072876
98669,3.2946763038635254,4.131819725036621
58776,1.8995482921600342,2.6878750324249268
6607,3.4742486476898193,4.2320332527160645
123802,5.0374755859375,6.132633686065674
40016,0.6340267062187195,0.9196279644966125
61060,1.7670499086380005,2.2705078125
25096,1.8846726417541504,2.840209484100342
53267,1.395216941833496,1.6865715980529785
95685,3.686066150665283,4.428102970123291
85944,2.295441150665283,3.223590135574341
123783,4.497568607330322,4.792198181152344
23307,1.3640202283859253,1.857607126235962
13358,4.229422569274902,4.715893745422363
98744,1.8916888236999512,2.383497714996338
119594,4.582875728607178,4.788658618927002
12178,0.863188624382019,1.1944197416305542
50913,1.3326915502548218,2.1537086963653564
101980,4.435373783111572,5.021644592285156
99633,0.8854563236236572,1.1077486276626587
55825,3.9022912979125977,4.67556619644165
20185,1.192836046218872,1.4105966091156006
133233,2.8297836780548096,3.323237895965576
49480,2.7868547439575195,4.065091609954834
17678,1.2879176139831543,1.5933529138565063
11766,3.476041316986084,4.113431453704834
2410,3.1490590572357178,3.7310564517974854
97846,5.959114074707031,7.09496545791626
29943,4.791557788848877,5.998941898345947
85457,0.9138690233230591,1.3974411487579346
95000,4.331631183624268,5.1363067626953125
130722,1.0693312883377075,1.662160873413086
59809,2.545485496520996,2.8413772583007812
76024,6.4826130867004395,6.914475440979004
55607,1.210283637046814,1.5285001993179321
24589,0.5776501893997192,0.7103472352027893
119881,1.1738693714141846,1.5352516174316406
81522,3.241194009780884,3.62355637550354
2847,1.827544927597046,2.8621811866760254
74181,4.220232963562012,5.298233509063721
124441,3.676948070526123,4.861577987670898
18008,2.273048162460327,3.1001405715942383
110185,3.8876094818115234,4.55810022354126
44088,4.328439235687256,5.65952205657959
109948,0.9562913179397583,1.2779614925384521
56207,2.7421209812164307,2.838622570037842
112049,4.3840250968933105,5.025676250457764
93174,2.0297181606292725,2.8929924964904785
21558,5.205562591552734,5.322955131530762
101602,1.9124244451522827,2.380491018295288
45017,2.060807704925537,2.631408214569092
13856,1.303651213645935,1.599108099937439
115083,4.02210807800293,4.654263019561768
87132,2.1945691108703613,2.7760889530181885
49554,1.0286312103271484,1.153358817100525
54699,3.9927375316619873,4.546874046325684
56557,3.034688711166382,3.7646872997283936
22804,1.3437774181365967,1.6597249507904053
44805,1.1737470626831055,1.5767183303833008
59269,0.9850916862487793,1.290032148361206
133591,1.722002625465393,2.221879243850708
75215,3.386510133743286,4.4281415939331055
133165,2.5920324325561523,3.5960919857025146
127744,3.4680538177490234,3.813382863998413
91533,1.4750252962112427,2.0060362815856934
106839,1.3908302783966064,1.6667258739471436
34088,1.2035964727401733,1.774831771850586
78145,1.909529685974121,2.239495277404785
108966,3.5898287296295166,4.409163475036621
47655,1.450417160987854,1.786564826965332
106376,2.641477346420288,3.2685623168945312
18341,5.801161289215088,6.986456871032715
63459,2.178203582763672,2.436112880706787
48082,2.6945269107818604,3.461043357849121
37221,2.84142804145813,3.590670347213745
121906,3.545050621032715,3.980587959289551
102535,3.3824241161346436,4.040614604949951
89971,0.9204700589179993,1.4509589672088623
102218,1.4817389249801636,1.9474214315414429
5249,2.7348039150238037,3.635378837585449
58367,3.8474833965301514,4.434271335601807
48490,1.0540426969528198,1.4073669910430908
71452,1.798642873764038,2.3049936294555664
122339,3.696504831314087,4.0054826736450195
39289,3.931018590927124,5.180990695953369
122412,0.8518787622451782,1.048203945159912
49517,2.7677462100982666,2.9993698596954346
78707,3.493098020553589,4.574338912963867
101271,1.7005181312561035,2.1491572856903076
10669,3.3513500690460205,3.378307580947876
50994,0.9387009143829346,1.2592079639434814
119164,1.0585788488388062,1.3229659795761108
10783,0.6335325241088867,0.840977132320404
41971,3.691049575805664,4.409327030181885
68054,1.2334011793136597,1.6084686517715454
67777,1.4100902080535889,1.7147889137268066
108463,3.9992477893829346,4.865468502044678
16450,2.095348358154297,2.3823704719543457
110967,2.2262589931488037,3.3144116401672363
119517,2.2997963428497314,3.255160331726074
99199,2.394469976425171,3.0071396827697754
54631,1.8237876892089844,2.0254323482513428
134851,0.9142428636550903,1.0596246719360352
50668,2.2582671642303467,2.7870280742645264
94052,0.724193811416626,0.8988935351371765
39608,3.080110549926758,3.837719202041626
69729,1.5889731645584106,2.143200159072876
133883,3.811478853225708,4.476935386657715
51916,1.6401797533035278,2.0348410606384277
115907,1.1406445503234863,1.3001408576965332
110100,1.434329867362976,1.917611002922058
81752,1.1928311586380005,1.7826958894729614
37867,1.1544756889343262,1.4998811483383179
121880,1.189660668373108,1.6745864152908325
104616,0.800015389919281,1.1919249296188354
99604,2.4677937030792236,3.157684803009033
69414,3.1152451038360596,4.080968856811523
46586,3.983121156692505,4.752422332763672
47701,2.6609644889831543,3.0284245014190674
68691,5.164494037628174,6.2461113929748535
42396,1.2980774641036987,1.4685046672821045
119233,4.4971208572387695,5.375319004058838
122115,1.7459689378738403,2.144719362258911
73997,2.9231457710266113,3.7727673053741455
3045,1.2439815998077393,1.317142367362976
77502,0.9839624762535095,1.18990159034729
55592,1.472029447555542,1.8028476238250732
93504,2.7084221839904785,3.647794008255005
125409,3.358797788619995,3.410170078277588
11038,2.427546977996826,3.20331072807312
42698,1.970757246017456,2.333225965499878
73121,0.9631330966949463,1.2581822872161865
19641,6.910687446594238,7.564677715301514
61894,4.103399276733398,4.277944564819336
122386,0.8003430962562561,1.141289472579956
80564,1.1709591150283813,1.5900381803512573
76262,3.5470528602600098,4.116640090942383
49430,3.640550374984741,4.398489952087402
91004,1.3481881618499756,1.5399442911148071
84528,2.763847827911377,3.171840190887451
82964,3.826711893081665,5.418802261352539
16598,2.2415289878845215,3.558598756790161
6993,1.6396514177322388,1.9955430030822754
73286,2.250606060028076,3.1543703079223633
2350,2.9574990272521973,4.212908744812012
45846,3.465714693069458,3.694912910461426
96536,4.56581449508667,5.222533226013184
15576,0.8704584836959839,1.1171066761016846
4211,1.0861787796020508,1.730923056602478
13514,1.874664306640625,2.7125961780548096
75144,3.118243932723999,4.048592567443848
99514,1.7584865093231201,2.369823455810547
73879,1.1207871437072754,1.5476771593093872
21639,2.8687775135040283,3.777207136154175
28067,3.5775976181030273,4.326112270355225
18277,1.1861944198608398,1.47587251663208
47440,3.4622442722320557,4.023038864135742
28728,4.827229022979736,5.8705620765686035
3697,4.047510147094727,4.652535915374756
6185,3.094534397125244,3.8637447357177734
36337,6.1460113525390625,6.552822589874268
25463,1.5317121744155884,2.66868257522583
34562,2.3371853828430176,3.2150256633758545
126575,2.6286966800689697,3.263160467147827
110492,2.061023235321045,2.634943962097168
62453,1.6857988834381104,2.0404767990112305
79448,2.798109292984009,3.409907817840576
108456,1.4995640516281128,1.7528252601623535
88901,1.1884853839874268,1.5837215185165405
114605,1.2226604223251343,1.4466824531555176
28267,2.3538501262664795,2.7258830070495605
41098,1.959457278251648,2.5029873847961426
85614,4.615038871765137,4.978670597076416
104039,3.5512168407440186,4.042810440063477
82105,1.7992632389068604,2.1283020973205566
53907,3.8821492195129395,4.51649284362793
86697,0.7427962422370911,0.8063445091247559
56256,2.0755209922790527,2.9244022369384766
83546,3.0120699405670166,3.582517147064209
114008,2.122642755508423,2.7099857330322266
70779,4.68379020690918,4.942171573638916
1597,5.836252689361572,6.96529483795166
95245,5.093742847442627,5.650130748748779
15600,1.417906641960144,1.826424241065979
119245,2.0402302742004395,2.3977127075195312
94802,1.651933193206787,2.25541615486145
111937,2.3819918632507324,2.9238412380218506
21976,4.621933937072754,5.6438446044921875
92678,4.016181468963623,4.444824695587158
116661,2.0488522052764893,2.6579856872558594
122508,2.0734312534332275,2.4962668418884277
77685,4.401113986968994,4.7753095626831055
65885,6.2204108238220215,6.453341960906982
25374,2.763958215713501,3.410555124282837
37890,2.3423633575439453,3.1259443759918213
59147,0.9414871335029602,1.1346192359924316
131258,1.8807927370071411,2.7307581901550293
90563,4.015744686126709,5.5613837242126465
91016,3.7502949237823486,4.573328971862793
12825,1.0031564235687256,1.2142990827560425
129189,1.9115898609161377,2.519785165786743
126866,2.2359402179718018,2.807528495788574
93899,2.198983907699585,3.021026134490967
5284,4.752661228179932,5.2940778732299805
24418,2.69874906539917,3.127578020095825
107723,1.1066423654556274,1.4802789688110352
37769,4.689780235290527,5.044242858886719
6801,3.9111971855163574,5.3480072021484375
91470,4.95824670791626,5.419927597045898
52635,2.2196204662323,2.8185324668884277
24338,4.256171226501465,4.489249229431152
45218,1.6345986127853394,2.172905206680298
31193,2.3467721939086914,3.015573024749756
131824,3.669300079345703,4.261734962463379
45762,1.3612236976623535,1.7475477457046509
96898,1.4901444911956787,2.2660248279571533
10041,1.8780298233032227,2.05332350730896
66800,4.764679908752441,5.217110633850098
80573,3.577364921569824,4.330352306365967
108324,3.895942211151123,4.121755599975586
111898,3.9727566242218018,4.948387145996094
87210,3.918789863586426,4.464219093322754
1644,4.340102195739746,4.551903247833252
101220,2.234781503677368,2.914400100708008
1051,2.0471107959747314,2.865732431411743
93550,0.9816124439239502,1.1855134963989258
114125,2.3131330013275146,3.281620979309082
14230,1.7064554691314697,1.977887511253357
92189,3.265873908996582,4.043035507202148
40393,1.9685615301132202,2.6629180908203125
36358,1.7983671426773071,2.4541049003601074
14471,4.1004719734191895,5.20373010635376
36729,4.386322021484375,4.795719146728516
74533,5.281525611877441,5.676990032196045
3414,2.923731803894043,3.621858596801758
65906,1.7925680875778198,2.7639644145965576
133987,1.6782493591308594,2.441746711730957
99548,2.770381450653076,3.185917377471924
109627,2.9443538188934326,3.9798977375030518
79596,4.269107341766357,5.304286479949951
47491,1.1324487924575806,1.4795671701431274
33963,1.4695955514907837,1.8973333835601807
52840,3.5646424293518066,4.192423343658447
3641,2.32643461227417,2.4929122924804688
118974,1.6015547513961792,2.048003673553467
30497,1.0893990993499756,1.4818007946014404
15293,4.3391804695129395,4.7123847007751465
97485,1.937286376953125,2.203106641769409
20137,4.391592025756836,5.08513879776001
133052,6.530106544494629,7.590891361236572
93552,3.3237874507904053,3.7987256050109863
84712,1.0934770107269287,1.7270681858062744
56711,2.141270160675049,2.878661870956421
91555,3.278702974319458,4.081488132476807
77659,1.3567335605621338,1.6849759817123413
59324,0.9809395670890808,1.1872527599334717
71074,3.3104560375213623,4.557245254516602
121589,1.6444553136825562,2.0657219886779785
10737,1.1564596891403198,1.5968939065933228
97541,5.589245319366455,7.683767795562744
9693,1.2733268737792969,1.5774314403533936
100931,4.42343282699585,5.3083014488220215
126269,1.7524694204330444,2.2645111083984375
46344,2.8189117908477783,3.8273699283599854
100720,2.9637937545776367,3.6734836101531982
44779,0.97585129737854,1.3246729373931885
132932,1.1144413948059082,1.2811914682388306
82712,2.499371290206909,2.9993062019348145
106432,4.201354503631592,4.91180944442749
89891,3.008385181427002,3.398714780807495
75937,5.2255473136901855,6.210134983062744
49972,3.1853227615356445,4.066783905029297
25565,2.5875468254089355,3.6924965381622314
20986,4.155890941619873,4.717750072479248
101926,2.325876235961914,2.6646554470062256
64448,2.7155702114105225,3.248694896697998
120588,3.9164936542510986,4.444591999053955
7496,4.152984142303467,4.733172416687012
40690,3.7874958515167236,4.942856788635254
116942,3.6168625354766846,4.4092793464660645
31445,3.894489288330078,4.409979343414307
40278,1.0043727159500122,1.156511902809143
86981,0.9788420796394348,1.2717655897140503
17848,0.37418025732040405,0.51731276512146
4672,4.053001403808594,4.582728385925293
79024,0.7611982226371765,0.9490025639533997
118671,7.296218395233154,7.595207691192627
2502,3.137784957885742,3.596733331680298
31730,2.925025224685669,3.655571460723877
38998,3.644451856613159,4.205173015594482
78505,13.705780029296875,16.73023796081543
123274,3.6569206714630127,4.238253116607666
9661,1.0111786127090454,1.400925874710083
89057,0.7444078326225281,0.8505847454071045
61036,3.37149715423584,4.6353960037231445
32611,2.822185516357422,3.506861925125122
34656,3.833756685256958,4.153287410736084
25974,1.786561369895935,2.2314870357513428
42545,3.609004259109497,3.85872483253479
37854,2.696531295776367,3.0408105850219727
43122,1.7337087392807007,2.6117098331451416
65987,2.6405563354492188,3.057255268096924
20094,2.1064488887786865,2.520146131515503
44392,4.357555389404297,5.590275287628174
44488,1.4588444232940674,2.1836888790130615
21341,1.430173397064209,2.0441129207611084
82305,1.1119731664657593,1.5757578611373901
58851,2.7900705337524414,3.852142333984375
101290,1.1772178411483765,1.4510736465454102
92194,2.68390154838562,3.137115240097046
29352,2.7650249004364014,2.8769538402557373
91870,2.436685800552368,3.1684348583221436
100682,2.926391124725342,3.5423779487609863
104542,1.6499919891357422,1.9139732122421265
68394,2.047427177429199,2.7506141662597656
39424,4.964704990386963,6.490561008453369
100230,1.64936101436615,2.2582454681396484
74833,3.710522413253784,4.740506172180176
104928,3.2066807746887207,3.7619316577911377
20232,1.3190135955810547,1.469438910484314
48313,1.9189625978469849,2.347608804702759
107116,3.9050228595733643,4.399910926818848
57080,2.386924982070923,2.8044216632843018
50626,2.668911933898926,3.2223854064941406
64,2.2077605724334717,2.33870530128479
97604,2.329934597015381,2.8997788429260254
21807,4.27133846282959,4.497962951660156
76436,1.256027102470398,1.8054022789001465
123590,1.305989146232605,1.6840057373046875
131238,2.885532855987549,3.7199268341064453
91064,2.757694959640503,3.3363893032073975
4907,1.4438567161560059,1.7934116125106812
101624,4.624327659606934,5.379870414733887
48438,0.8737815618515015,1.2614754438400269
24474,5.146800518035889,5.781609535217285
73705,4.441381454467773,5.241978645324707
31957,5.253611087799072,5.951737880706787
70511,3.71623158454895,4.485498428344727
114123,3.7823798656463623,4.801340579986572
95666,0.8845276832580566,1.1192866563796997
11007,6.589529514312744,6.962916851043701
96211,3.2096738815307617,3.554903030395508
58518,1.5665514469146729,2.0709900856018066
17265,1.3070396184921265,2.161064863204956
15104,1.970658302307129,2.7926151752471924
39557,1.0013428926467896,1.3315954208374023
108006,1.3027970790863037,1.9648127555847168
44425,1.0379074811935425,1.3406486511230469
119735,5.238828182220459,5.786365985870361
73014,2.080777168273926,2.5982089042663574
79171,1.0689796209335327,1.2705327272415161
9833,1.0042657852172852,1.3273155689239502
79865,1.0836913585662842,1.400075912475586
51692,4.6896138191223145,5.34486722946167
49145,1.3432270288467407,1.8272442817687988
111943,7.712744235992432,8.5282564163208
133367,4.642543792724609,5.501468181610107
89820,4.589967727661133,5.025893688201904
70903,1.755212426185608,2.066359519958496
89325,1.913354754447937,2.3787577152252197
68298,1.3852455615997314,1.6593968868255615
83436,1.270137906074524,1.7918851375579834
10001,3.013279676437378,3.8800344467163086
34072,1.9583646059036255,2.4356625080108643
8951,1.5594598054885864,2.1120362281799316
64013,1.3343913555145264,1.736847996711731
131704,1.243004322052002,1.7484837770462036
80056,1.1481671333312988,1.4562911987304688
9385,1.8845053911209106,2.3908791542053223
120862,4.69370698928833,5.473975658416748
339,5.306385517120361,5.963874816894531
48181,3.10573673248291,3.5890536308288574
42926,4.045782566070557,5.372660160064697
112200,3.1379308700561523,3.6223766803741455
69776,1.5922237634658813,1.972001314163208
19533,0.940399706363678,1.2020219564437866
129880,0.9962431788444519,1.2929868698120117
41196,3.5606629848480225,4.1991705894470215
60503,3.734684944152832,4.077658176422119
79898,0.6423730254173279,0.8365851640701294
96625,3.0506198406219482,4.052286624908447
55900,1.445462942123413,1.6375436782836914
8185,3.5476560592651367,3.9634287357330322
134374,0.5708582401275635,0.706443727016449
111838,3.2200372219085693,3.6908974647521973
20142,1.8530683517456055,2.3156304359436035
80530,2.7495875358581543,3.40846848487854
16959,0.7918189167976379,1.0611282587051392
11445,3.7943334579467773,4.58849573135376
82256,3.3412675857543945,3.61738657951355
127601,3.1101181507110596,3.9201700687408447
66138,2.9438300132751465,3.599971055984497
53682,3.8216426372528076,4.370371341705322
54974,4.187823295593262,4.88610315322876
110958,1.0667515993118286,1.489187240600586
21333,3.098329782485962,3.6670634746551514
86650,2.253422498703003,2.8591182231903076
3842,1.721008062362671,2.3669536113739014
9962,3.205279588699341,3.9005961418151855
53365,1.880859136581421,2.488804578781128
118560,3.342618942260742,3.8571207523345947
32923,1.3749706745147705,1.7039309740066528
14675,1.2134814262390137,1.3238126039505005
66664,1.5259960889816284,1.687414288520813
52668,3.2243096828460693,4.602051258087158
117316,3.87701678276062,4.377104759216309
75442,3.585963249206543,4.662532329559326
2188,2.9885857105255127,3.858350992202759
111301,2.124244451522827,3.1391944885253906
31497,5.467963695526123,6.568829536437988
23548,4.042662620544434,4.618417739868164
106161,4.5397186279296875,5.241299152374268
4806,3.9660987854003906,4.477283000946045
87514,3.4240496158599854,4.367744445800781
103093,2.2159440517425537,3.4837565422058105
59747,2.2225005626678467,2.4692189693450928
45157,3.353058099746704,3.8647773265838623
35997,2.827548027038574,4.0797834396362305
46097,1.9247608184814453,2.2511329650878906
92629,6.337803840637207,7.183818817138672
191,1.508014440536499,2.1897671222686768
76544,1.22141432762146,1.6500537395477295
5204,1.8628615140914917,2.548147439956665
30818,1.8311687707901,2.556163787841797
123478,4.008599758148193,4.751766681671143
106375,5.965768337249756,6.54295015335083
73353,1.2497243881225586,1.7588504552841187
22722,1.7648401260375977,1.9009376764297485
109176,1.0173736810684204,1.1873319149017334
17383,3.1586906909942627,3.5901224613189697
30362,4.549809455871582,5.108678340911865
60567,3.639478921890259,4.302623271942139
86043,1.7215650081634521,2.1831061840057373
97793,1.237457275390625,1.821803331375122
4961,3.7253715991973877,3.9062905311584473
101027,2.6310245990753174,3.014892101287842
115193,2.53674578666687,3.1753246784210205
73756,1.5241457223892212,2.1340770721435547
43405,5.4821271896362305,5.690471649169922
19762,1.796002984046936,2.0602662563323975
24317,2.790104627609253,3.0028774738311768
32607,3.2802624702453613,3.863849639892578
112539,1.0899194478988647,1.328355073928833
35825,4.674495220184326,6.254777431488037
29153,2.6294984817504883,3.68410325050354
133941,3.070596218109131,3.206606149673462
131045,0.9026774168014526,1.1454373598098755
99934,1.3092538118362427,1.5977060794830322
46233,0.9230948686599731,1.3678947687149048
123808,1.789846658706665,1.9399009943008423
66641,2.1735427379608154,2.8935344219207764
29951,1.6464606523513794,1.782058596611023
89611,4.199357032775879,5.280255317687988
85110,1.4193037748336792,1.7183992862701416
59720,1.1249570846557617,1.4618765115737915
96079,3.2950246334075928,4.3182172775268555
125876,0.7898188233375549,0.9937374591827393
115120,1.2288165092468262,1.5188194513320923
20805,3.5056095123291016,4.300374984741211
82229,2.28916597366333,3.0180516242980957
54550,3.107224702835083,3.6150777339935303
12053,1.0425665378570557,1.2043368816375732
87085,0.8264825344085693,1.1500319242477417
124154,3.2793285846710205,4.91301155090332
24790,3.3182759284973145,3.4007070064544678
30844,1.499632716178894,1.7945215702056885
95236,4.168654441833496,4.79075288772583
40210,2.2008419036865234,2.5522515773773193
2038,1.03836989402771,1.5173572301864624
71087,3.8024792671203613,4.341833591461182
132946,1.0910574197769165,1.3533447980880737
54868,5.029321670532227,5.152116298675537
119221,1.059524655342102,1.2276372909545898
67121,3.4290125370025635,3.9843249320983887
1846,1.103357195854187,1.343443512916565
36790,0.7315545678138733,1.057391881942749
134766,3.1461682319641113,3.9968366622924805
95783,4.105337619781494,4.920576095581055
93268,3.243044853210449,4.016685962677002
6120,0.7531863451004028,0.8207697868347168
70102,1.0612471103668213,1.38345205783844
27076,1.7340106964111328,2.6928935050964355
102182,2.1502645015716553,2.881347894668579
1052,4.3098859786987305,4.729726791381836
67789,3.81390118598938,4.324341773986816
117528,1.0773361921310425,1.6096816062927246
50336,3.446046829223633,4.423862934112549
72101,3.222252607345581,3.5175790786743164
62911,1.1081280708312988,1.4530065059661865
13236,5.256433010101318,5.529595375061035
19072,1.6700507402420044,2.1824440956115723
95669,2.9043750762939453,3.848989963531494
97790,3.300480604171753,4.183937072753906
18523,0.9015893340110779,1.0828946828842163
94996,0.7896159291267395,1.1183347702026367
119385,4.065451622009277,4.77117919921875
92530,2.0666353702545166,3.046543598175049
24383,2.05956768989563,2.9758923053741455
121091,3.567880392074585,4.069316864013672
29082,2.667813301086426,3.9329867362976074
51422,3.9498467445373535,5.066623210906982
90454,3.0496513843536377,3.5233826637268066
124420,2.669257164001465,3.9042446613311768
112368,1.276597261428833,1.45833420753479
130334,0.9335765838623047,1.0533596277236938
36518,3.7027995586395264,4.175217151641846
6115,4.294246196746826,4.865416049957275
108725,0.897518515586853,1.2287307977676392
90507,2.59523344039917,4.159034252166748
40495,1.251400113105774,1.5559210777282715
59928,1.6017348766326904,1.906032919883728
101213,3.781320095062256,4.911526203155518
120990,1.3343535661697388,1.6873506307601929
95243,4.078219890594482,4.18031120300293
83848,1.4822578430175781,1.9855207204818726
84579,3.732025146484375,4.158233165740967
24488,2.003814220428467,2.2173025608062744
33214,3.937703847885132,4.082873344421387
38154,2.7496237754821777,3.8063933849334717
5408,2.901756763458252,4.221997261047363
9242,3.2600653171539307,4.2966108322143555
85916,3.4821763038635254,4.179841041564941
4538,2.2430195808410645,3.1387202739715576
44943,3.195371389389038,3.8776354789733887
34599,3.622581958770752,3.932687759399414
25270,3.9666597843170166,4.228986740112305
38380,1.1167861223220825,1.285693883895874
67029,4.5180230140686035,5.481884479522705
124512,3.3384335041046143,4.126550197601318
60985,2.1911563873291016,3.2613742351531982
126900,3.913184642791748,4.6143269538879395
66289,3.640500068664551,4.163214206695557
79064,4.621147632598877,4.857540607452393
15417,4.418333530426025,6.057201862335205
37599,2.657545566558838,3.193300724029541
2680,3.618244171142578,4.089563846588135
2949,0.847589373588562,0.9253037571907043
17808,5.187337398529053,7.505732536315918
91553,1.7655754089355469,2.368056297302246
55214,3.5398833751678467,3.680422067642212
82525,1.0846822261810303,1.2681771516799927
115322,3.3176894187927246,4.2971086502075195
55927,2.4243741035461426,3.922884702682495
5512,1.0463653802871704,1.4889137744903564
101628,2.144270658493042,2.9569737911224365
48085,2.791149139404297,3.7183940410614014
134014,3.0750770568847656,3.837416172027588
123578,2.7788784503936768,3.131582736968994
110581,3.713805675506592,4.766578674316406
20562,2.2482593059539795,2.44441556930542
88686,3.5716605186462402,3.8350045680999756
115162,2.4613211154937744,2.6289453506469727
30779,1.0887497663497925,1.4306905269622803
75496,4.06912088394165,6.502684593200684
13219,1.8746429681777954,2.562685251235962
123468,1.3580554723739624,1.666172981262207
66526,5.136300086975098,5.530906677246094
43053,4.158385276794434,4.764350891113281
67823,1.798276424407959,2.1577694416046143
37373,4.127232074737549,5.316878795623779
92685,3.938504934310913,4.827329158782959
61045,1.050817847251892,1.3720544576644897
128618,2.64251971244812,3.3414571285247803
82764,1.2239009141921997,1.4555912017822266
78960,3.3431215286254883,4.80354642868042
70800,4.07131290435791,4.635764122009277
131796,2.814624547958374,3.7063651084899902
109741,1.262377381324768,1.5227423906326294
91598,1.4005627632141113,1.6402781009674072
105348,4.524550914764404,4.721312046051025
40011,2.8830087184906006,3.4530510902404785
93845,4.6199116706848145,5.891246318817139
38583,1.6496493816375732,2.3929152488708496
115887,2.49678373336792,3.716266393661499
83628,3.149400234222412,4.429725646972656
35,1.611664891242981,1.9616519212722778
133084,5.200674533843994,5.467795372009277
128670,2.30084490776062,2.6692733764648438
75715,1.1926711797714233,1.4631352424621582
91389,3.978285551071167,4.473887920379639
71022,6.101673126220703,6.761622905731201
78232,4.192074775695801,5.24229621887207
85256,0.7668355703353882,1.2332390546798706
118242,2.1130480766296387,2.7230262756347656
102679,2.715083360671997,3.2085602283477783
131017,4.1877312660217285,5.193234920501709
36294,0.9635140895843506,1.4039289951324463
92245,2.1560165882110596,2.877250909805298
57797,3.2225098609924316,3.9566333293914795
93540,4.45205545425415,5.163208484649658
25036,3.1298534870147705,3.355290651321411
1272,1.489587426185608,1.5998915433883667
129019,3.823242425918579,4.152696132659912
26237,0.9178692102432251,1.014838457107544
61193,1.6915632486343384,2.7283737659454346
48606,3.416614532470703,5.047008991241455
100528,3.9243950843811035,4.515519618988037
83965,4.018950939178467,4.501585960388184
117170,6.105782985687256,6.358485698699951
76172,3.0043859481811523,3.4366111755371094
3177,2.4818978309631348,2.8431556224823
32073,1.5703668594360352,2.3521251678466797
43839,3.6646435260772705,4.343766212463379
91630,2.4127349853515625,2.9196054935455322
95730,1.1793075799942017,1.4237655401229858
75945,2.8955447673797607,3.3877358436584473
55368,6.6922383308410645,8.85649585723877
70273,4.3220319747924805,4.8986029624938965
93929,1.2088446617126465,1.62709379196167
16669,3.215310573577881,3.6669294834136963
36687,3.666316270828247,4.641996383666992
91513,4.181981563568115,5.687583923339844
111751,1.6623256206512451,2.189654588699341
12402,3.2013254165649414,3.8235926628112793
85946,3.711251735687256,4.264683246612549
88179,3.6273105144500732,6.143817901611328
21846,0.8847652673721313,1.4066057205200195
95297,1.5120887756347656,1.9617152214050293
125338,5.933368682861328,6.297598361968994
43988,3.747929334640503,3.965407371520996
46094,3.7304341793060303,4.144346237182617
19324,3.960080862045288,4.8549017906188965
130634,1.830005168914795,2.3848955631256104
128905,3.5664401054382324,4.494511127471924
118122,0.854139506816864,1.0696189403533936
38068,1.5090525150299072,2.234992742538452
52547,3.5026862621307373,4.28525972366333
110159,1.5309699773788452,1.8281384706497192
64866,3.128248453140259,3.4498584270477295
54453,4.707880973815918,5.302468299865723
31169,0.8399778604507446,1.0874056816101074
25151,0.6791510581970215,0.8503293395042419
72233,5.113406181335449,6.046310901641846
47107,3.066800594329834,3.8181004524230957
119873,1.711564540863037,2.283547878265381
25227,3.4805545806884766,4.077184200286865
115300,2.861180067062378,3.4875121116638184
27506,1.743748426437378,1.8398160934448242
132213,5.961391448974609,6.636390686035156
13392,3.3743348121643066,3.702120304107666
49928,1.1459962129592896,1.6054253578186035
36010,0.9008251428604126,0.9973175525665283
55893,4.326358795166016,4.956369400024414
1018,1.8247928619384766,2.6351656913757324
82957,4.185767650604248,5.240950584411621
78393,3.188307046890259,4.512778282165527
44398,4.001363277435303,5.061920642852783
66763,0.6162512302398682,0.7630082964897156
91849,1.2311996221542358,1.545512080192566
55144,1.365283489227295,1.8625069856643677
56325,0.7639495134353638,0.9712514281272888
29644,2.391433000564575,2.6272761821746826
16587,3.7757620811462402,4.453357696533203
119188,2.7092695236206055,3.251378297805786
82527,2.3123538494110107,3.297879457473755
116508,2.89865779876709,3.5991604328155518
37470,3.833104133605957,4.711685657501221
36265,2.554504632949829,2.9214224815368652
62108,4.865792751312256,5.217388153076172
15133,2.2892699241638184,2.651092767715454
46509,3.658801317214966,4.069851875305176
122394,0.989334762096405,1.188225269317627
34039,3.008021593093872,3.3365583419799805
101428,0.7336071133613586,0.90378737449646
108487,2.5068390369415283,3.0967721939086914
41252,2.2071280479431152,2.7189905643463135
116702,3.61620831489563,4.471658229827881
90597,3.180546998977661,3.4598348140716553
26582,1.538295030593872,1.9401488304138184
19119,1.7912237644195557,2.5941531658172607
105512,3.939063787460327,4.786108493804932
23965,4.640976428985596,5.102486610412598
12335,5.125650882720947,5.914072513580322
25333,0.6933817267417908,0.8213165402412415
5816,1.4299262762069702,1.861282229423523
42278,4.2318196296691895,5.266946315765381
130923,3.7937440872192383,4.84836483001709
31979,4.539397716522217,5.658228874206543
78904,0.7915904521942139,1.0724509954452515
59751,1.8973256349563599,2.8705453872680664
114345,5.077648639678955,5.605091094970703
114297,0.8746600151062012,1.2299567461013794
77148,3.498366355895996,4.0708842277526855
26809,4.020480155944824,5.0720744132995605
32748,3.6602141857147217,4.335718631744385
69193,3.081576347351074,3.5759494304656982
78889,1.1409540176391602,1.2667425870895386
8743,2.854313373565674,3.722337007522583
95868,0.8927289247512817,1.1462209224700928
79014,2.5114550590515137,3.055352210998535
127326,2.4112496376037598,2.507070302963257
108203,3.5251452922821045,4.475988388061523
22585,4.379143714904785,4.644515037536621
52335,3.3529937267303467,4.015709400177002
51173,4.456589698791504,5.807200908660889
48073,3.141655683517456,3.9156694412231445
124637,1.9197778701782227,2.3668127059936523
110103,4.434564590454102,5.140215873718262
12744,3.908792734146118,4.7105255126953125
23974,3.862581729888916,4.716296672821045
15842,2.9055464267730713,3.692230701446533
15977,3.0704245567321777,3.9065957069396973
92485,2.4456987380981445,4.176133155822754
86586,1.0069187879562378,1.1838500499725342
13956,1.4364347457885742,1.9100470542907715
8226,3.6208786964416504,4.305916786193848
107293,2.8023157119750977,3.9043147563934326
35481,2.861935615539551,3.715665578842163
109850,1.308251142501831,1.5208344459533691
85570,4.154361724853516,5.167964458465576
6437,4.401897430419922,5.411301612854004
62365,1.045393943786621,1.7115817070007324
91845,1.8984047174453735,2.0821149349212646
22682,3.4595947265625,3.8104591369628906
126633,3.059882640838623,3.583078384399414
123623,2.298921585083008,3.21819806098938
72578,3.1534600257873535,3.4966909885406494
55854,1.3100073337554932,1.537145972251892
53993,5.7116265296936035,7.054357051849365
57744,1.5604095458984375,2.3684961795806885
100287,2.7412631511688232,3.2154130935668945
21611,3.218179225921631,3.463075876235962
7380,1.7202330827713013,2.3816606998443604
16527,1.2447329759597778,1.2944178581237793
56095,1.2396868467330933,1.4119282960891724
97006,2.6401207447052,3.5650625228881836
13121,1.0142292976379395,1.692676305770874
119258,1.271735429763794,1.6279420852661133
90938,2.388484239578247,3.4708547592163086
131644,4.168108940124512,4.748214244842529
13180,4.404160976409912,5.165946960449219
133403,3.0970892906188965,3.387375831604004
97706,3.508246421813965,3.9253013134002686
21305,1.2182313203811646,1.7445465326309204
2307,3.1903200149536133,3.748973846435547
55155,5.0803542137146,5.919613361358643
69699,3.7792341709136963,3.898494243621826
81953,2.468820810317993,3.0254733562469482
113643,4.329049587249756,4.672108173370361
67499,4.95850944519043,5.441329479217529
114611,7.1676025390625,7.303698539733887
80328,4.22642707824707,4.648386001586914
103131,1.5316617488861084,2.152873992919922
50759,2.8584134578704834,3.2397401332855225
31682,1.8248426914215088,2.265648126602173
15685,2.8476974964141846,3.887692928314209
87365,4.1965250968933105,4.596780300140381
113491,1.0836918354034424,1.566904067993164
22299,3.629807949066162,4.387484073638916
59486,1.7128961086273193,2.446977138519287
96865,2.3468050956726074,2.7194409370422363
34361,3.459068775177002,4.562655925750732
33864,4.051138401031494,4.358592987060547
81971,2.5238113403320312,3.3367788791656494
22732,3.6633670330047607,4.084532260894775
23453,0.637981653213501,0.7420511841773987
115435,5.085927486419678,5.502222537994385
58275,5.593221187591553,6.305691719055176
73238,4.177833557128906,4.867714881896973
18227,4.706104755401611,5.106075286865234
25208,0.9042366147041321,1.234703540802002
115033,3.3542537689208984,3.937880754470825
119628,1.5686949491500854,1.700453758239746
86585,1.2101688385009766,1.5335215330123901
38207,1.379752516746521,1.534363865852356
80667,0.7992939949035645,0.8808695673942566
100637,3.88214111328125,4.770256996154785
5122,1.5883673429489136,1.789293646812439
114395,2.0510449409484863,2.903989553451538
3721,1.8187376260757446,2.278238534927368
6982,4.916979789733887,6.213254451751709
104368,1.5668107271194458,2.2009055614471436
116943,3.868438720703125,5.027144432067871
107041,1.9901854991912842,2.5875513553619385
51129,6.088221549987793,7.206248760223389
90428,2.9809441566467285,4.032896041870117
25203,2.9975836277008057,3.3289132118225098
4605,4.541001796722412,5.087914943695068
90619,3.9132893085479736,5.766037940979004
60878,4.492431163787842,5.111574172973633
120705,3.4174461364746094,3.728898286819458
83310,2.792595624923706,3.2959775924682617
37193,1.9059730768203735,2.1122395992279053
115871,3.9838273525238037,4.477036476135254
102085,1.804966926574707,2.039745807647705
60034,2.2507503032684326,3.3564560413360596
39805,1.6689679622650146,2.6818318367004395
40376,3.0919291973114014,4.344939231872559
53281,3.960753917694092,4.926878929138184
81055,4.356983661651611,5.3368239402771
58280,4.831674575805664,5.987992286682129
116167,2.7731995582580566,3.261786937713623
65266,2.355144500732422,3.403139352798462
5281,0.9080374836921692,1.3273380994796753
121145,4.934365272521973,5.537400245666504
67017,3.7440438270568848,4.365362644195557
71899,3.7856948375701904,4.931499481201172
90788,1.5545278787612915,2.502551555633545
112019,2.24362850189209,2.598388433456421
10617,2.212923765182495,2.6712100505828857
2109,3.632092237472534,3.9367940425872803
16,3.89090895652771,5.080857753753662
13246,2.9131484031677246,3.9458494186401367
3987,1.309505581855774,1.4709068536758423
71501,2.4527792930603027,3.039008140563965
20194,4.289680480957031,5.061556816101074
126476,3.442387104034424,3.9695303440093994
48395,2.1118547916412354,2.489845037460327
65833,1.70963716506958,1.8990963697433472
89389,0.8065062761306763,1.030914306640625
42091,1.031043291091919,1.2003487348556519
84892,3.6074917316436768,3.9722766876220703
61777,3.7788708209991455,4.560730457305908
109912,3.645827531814575,4.198399066925049
118304,1.2711381912231445,1.4081926345825195
114752,4.729736328125,4.955374717712402
48059,3.8790173530578613,4.139289379119873
60265,1.07837975025177,1.2267814874649048
3369,3.9219672679901123,4.378679275512695
37443,2.5440354347229004,3.485203266143799
126205,0.819166362285614,0.9375110268592834
93108,2.551560640335083,3.405655860900879
59732,4.4121527671813965,5.342265605926514
4025,2.149291515350342,2.9317071437835693
86137,3.4285950660705566,4.190157890319824
8714,2.511603593826294,2.6879732608795166
56042,1.5695245265960693,2.012308359146118
27414,3.4192914962768555,4.275687217712402
57536,0.6839658617973328,0.7910909056663513
15222,2.8143842220306396,3.778428792953491
5501,4.196858882904053,4.618411064147949
78314,2.884246587753296,3.0837562084198
114507,4.345464706420898,4.936005592346191
122984,2.6529622077941895,3.1972618103027344
61394,3.807532787322998,4.3912200927734375
38102,0.8943197727203369,1.2151696681976318
114881,1.671212911605835,2.2038075923919678
124409,1.855649709701538,2.306741714477539
106756,3.002842426300049,3.7263400554656982
134820,4.010818004608154,4.389007091522217
126998,3.5967190265655518,4.125122547149658
131798,5.515726089477539,6.648254871368408
108091,0.9345406889915466,1.1814148426055908
17960,1.2458230257034302,1.7011414766311646
91345,1.0896445512771606,1.3522000312805176
107700,2.3936281204223633,2.8745839595794678
50576,1.8114023208618164,2.0734901428222656
110082,3.9288952350616455,4.330488681793213
73034,3.5108988285064697,4.215878009796143
7798,0.908410370349884,1.0748863220214844
114185,1.8944287300109863,2.322249412536621
99036,5.425088405609131,5.65363073348999
67974,1.148627519607544,1.4449578523635864
64199,1.3830448389053345,1.6077989339828491
91098,1.7764959335327148,2.312291383743286
114136,6.81553316116333,7.607453346252441
65403,2.071373224258423,3.7279305458068848
114782,1.2683855295181274,1.6258760690689087
44178,1.9574185609817505,2.245107412338257
38388,1.2711615562438965,1.6442729234695435
71229,1.1036252975463867,1.3551675081253052
127723,3.504769802093506,4.540504455566406
108344,1.6758649349212646,1.8846993446350098
32465,2.3972842693328857,2.793581008911133
34252,3.781071901321411,4.299035549163818
75386,7.107364654541016,7.920889854431152
87440,0.8307878971099854,1.1687395572662354
21869,2.5707826614379883,3.767378568649292
130851,2.3416695594787598,3.11820912361145
19121,3.758028745651245,4.240622043609619
87866,3.706731081008911,4.844655513763428
20889,3.778829336166382,4.759947776794434
12134,4.139612197875977,4.411832809448242
108037,2.1820828914642334,3.2863049507141113
134973,1.379752278327942,1.530671238899231
2230,4.499961853027344,5.068148612976074
85995,1.9522876739501953,2.354611873626709
66571,3.1851699352264404,3.9951469898223877
59318,4.548353672027588,4.906701564788818
40574,1.063117504119873,2.0042543411254883
24653,2.291670083999634,3.5074567794799805
11249,3.5568220615386963,3.951617956161499
98757,1.2103934288024902,1.559415578842163
100347,4.44947624206543,5.040550231933594
64528,0.8413516879081726,1.150911569595337
97778,2.681192398071289,3.274171829223633
50005,1.6315628290176392,1.9431411027908325
106027,2.219994306564331,2.378391981124878
15415,2.4404215812683105,3.1050517559051514
74654,3.4599509239196777,4.454137325286865
36373,4.3518195152282715,4.956079959869385
3139,1.7482467889785767,2.558708906173706
105085,4.157462120056152,4.757495403289795
13185,5.14292049407959,5.90336275100708
95800,3.7425620555877686,4.2752814292907715
37091,1.1293432712554932,1.726530909538269
19055,0.7960901260375977,1.0581449270248413
67852,2.4876158237457275,3.0043187141418457
71111,3.4168918132781982,4.307830333709717
121219,3.3855276107788086,4.061267375946045
39196,5.713080883026123,6.223556041717529
104830,4.05000114440918,4.58126974105835
35780,5.402683734893799,5.7242112159729
37813,3.4955525398254395,3.900369644165039
102994,4.194751739501953,5.08210563659668
97958,3.502328634262085,4.012440204620361
43077,3.8683605194091797,5.983407974243164
14703,1.166354775428772,1.268808126449585
61296,0.9736555814743042,1.1253591775894165
122312,2.1884243488311768,2.690882444381714
37587,2.3576748371124268,2.6865227222442627
43626,3.78399395942688,3.815749168395996
20171,0.8727952837944031,1.1888843774795532
127304,1.2386530637741089,1.4429678916931152
89363,2.208909511566162,2.3432624340057373
3207,1.0679757595062256,1.154040813446045
121503,3.674088478088379,4.068948745727539
19315,1.6785039901733398,2.0265069007873535
39180,3.4624550342559814,4.112086296081543
38987,3.7461090087890625,4.281505107879639
91926,3.6546974182128906,3.95389461517334
104946,4.009140968322754,5.088536739349365
31982,4.34690523147583,4.761645793914795
88389,1.7470543384552002,2.1666312217712402
80367,3.5062246322631836,4.00657320022583
108179,2.738163709640503,2.8540561199188232
15047,2.8515641689300537,3.4065568447113037
134215,3.27321720123291,4.493582248687744
37983,2.59494686126709,3.615811586380005
22537,3.218395233154297,4.393176555633545
119196,4.687224388122559,5.150753021240234
57953,1.4106355905532837,2.0293309688568115
8934,1.5717127323150635,2.1427059173583984
75853,4.9417548179626465,5.2643022537231445
19933,0.912163257598877,1.0342448949813843
65317,4.782126426696777,5.453333854675293
116462,2.380326747894287,2.698254346847534
28487,2.4582772254943848,2.698418617248535
25071,0.8397621512413025,0.9483457803726196
11205,1.4725675582885742,1.6184232234954834
18380,1.798122763633728,2.119450807571411
101656,5.314383506774902,6.243037700653076
55288,1.598183035850525,1.9858838319778442
6252,1.8569796085357666,1.9170187711715698
115153,1.3410180807113647,1.623064398765564
68729,1.751381278038025,1.8298900127410889
4066,4.225127220153809,5.32703971862793
107519,3.391200065612793,3.813263416290283
6642,4.171672344207764,4.5742292404174805
83319,4.049100399017334,4.3933281898498535
79757,1.5733132362365723,1.702950358390808
61519,2.56990909576416,3.1091861724853516
11328,5.01711368560791,5.838128566741943
60723,0.8764867782592773,1.080237627029419
58784,1.1665931940078735,1.3961361646652222
477,3.084625482559204,3.1663036346435547
114964,1.7694642543792725,2.4202799797058105
130026,3.401883363723755,3.6294970512390137
129299,4.507606506347656,5.31080436706543
127152,2.8269481658935547,3.4235689640045166
27599,2.2713515758514404,2.6004645824432373
111688,3.6102566719055176,4.180424213409424
132797,2.4623942375183105,3.0351436138153076
126835,0.9360753297805786,1.1836646795272827
87414,0.8188117146492004,1.0249778032302856
101807,3.153989315032959,3.9505741596221924
119158,3.4591217041015625,3.5452256202697754
33718,3.7313690185546875,4.234268665313721
63689,4.675637722015381,5.348145961761475
129992,3.1380560398101807,3.71852445602417
127812,5.240759372711182,6.544325828552246
27834,1.2453923225402832,1.4185354709625244
20779,3.091078996658325,3.9361817836761475
71727,3.2850728034973145,4.205008506774902
42846,3.1704320907592773,3.646195411682129
42395,2.7615838050842285,4.278200626373291
37582,4.755759239196777,6.840122699737549
34956,2.121978282928467,2.3456780910491943
17004,1.4696190357208252,1.6372196674346924
95675,1.7048635482788086,2.2387731075286865
112202,3.3406577110290527,4.362095355987549
131842,3.176762342453003,3.394934892654419
26029,3.8308258056640625,4.378549098968506
73985,4.648956298828125,5.1078338623046875
32149,2.780388832092285,3.7979207038879395
133963,4.4859299659729,5.220261573791504
70679,4.788913249969482,4.883177757263184
14887,0.8603655099868774,1.0285481214523315
25118,1.6847264766693115,2.0938823223114014
103377,4.503213405609131,5.574744701385498
124635,1.7940380573272705,2.3535709381103516
129052,3.6928272247314453,4.294376850128174
23915,2.308295249938965,2.501757860183716
130313,2.713229179382324,3.2478904724121094
44476,1.465448021888733,1.911829948425293
22035,2.7663373947143555,3.7867014408111572
81799,3.608236074447632,4.205447196960449
53685,2.7799947261810303,3.2397005558013916
9394,1.9110735654830933,3.275615930557251
73931,4.332171440124512,5.529107570648193
51316,3.2465450763702393,4.184569835662842
98413,0.7771778106689453,0.8942682147026062
49866,4.030101776123047,4.6350998878479
91296,4.580379962921143,5.22316837310791
80163,2.455982208251953,2.800412178039551
82208,3.8824830055236816,4.1598687171936035
122308,1.4323686361312866,1.9363783597946167
119060,2.9525394439697266,3.5269062519073486
79828,3.8498032093048096,4.510625839233398
45007,4.7120561599731445,4.976164817810059
72374,4.529726505279541,5.254787445068359
82166,7.7074408531188965,8.743067741394043
4000,1.808076024055481,2.567678451538086
48997,4.526742935180664,5.570958614349365
120884,1.796065092086792,2.358590602874756
28559,1.7829574346542358,2.315793752670288
115028,1.4947295188903809,1.5820984840393066
108749,2.2586193084716797,2.7597596645355225
94214,3.693181276321411,3.9357855319976807
60391,4.5923357009887695,5.3070244789123535
54957,2.127835988998413,2.7892422676086426
21101,4.453888893127441,4.809804439544678
123613,1.1846232414245605,1.34075927734375
101435,3.0683438777923584,4.039106845855713
40047,2.2345027923583984,2.434921979904175
113046,1.2205679416656494,1.410996437072754
96544,3.8241233825683594,4.221197605133057
9373,3.427687644958496,3.9161410331726074
7197,1.3973753452301025,1.7810434103012085
54480,1.108772873878479,1.6486445665359497
41709,0.7259163856506348,1.057720422744751
83327,4.905130863189697,5.151025295257568
115337,1.663463830947876,2.463937997817993
112697,5.044375896453857,5.791743755340576
16963,5.496728420257568,6.987855434417725
41443,2.534419536590576,3.1527395248413086
88638,1.4151569604873657,2.0715794563293457
97824,1.3917237520217896,1.6944364309310913
47953,3.809432029724121,4.032558917999268
2697,4.289100646972656,4.721299648284912
13183,2.899261713027954,3.6283063888549805
49912,3.688681125640869,3.9621009826660156
60270,1.1310367584228516,1.338747501373291
67116,3.574972629547119,4.050426006317139
92972,1.2545727491378784,1.7675225734710693
108922,3.8500473499298096,4.427652835845947
19410,0.7190585136413574,0.8406947255134583
108398,1.434693694114685,1.5830639600753784
122064,3.847960948944092,4.07319974899292
79276,1.1349321603775024,1.3553516864776611
70537,3.6058714389801025,4.733928203582764
21428,3.936859369277954,4.278132915496826
60068,2.7126212120056152,3.374789237976074
38466,4.188796043395996,5.108252048492432
68022,3.6880714893341064,4.290327072143555
62212,3.1816961765289307,3.7424368858337402
71439,1.0830483436584473,1.1907421350479126
87825,1.8897838592529297,2.062716245651245
28472,2.0780088901519775,2.309190511703491
63449,3.0971391201019287,3.745527505874634
43003,3.8419582843780518,4.823576927185059
122858,0.7305989265441895,0.8259289264678955
42227,5.581091403961182,6.182844638824463
6838,2.0108230113983154,2.2596495151519775
118676,3.348592758178711,3.6426870822906494
122043,1.2780511379241943,1.4882779121398926
1283,2.8199825286865234,3.3895890712738037
80279,4.228620529174805,4.294577598571777
70546,6.245490550994873,6.983743667602539
32994,4.266453266143799,5.480185508728027
17688,5.090943813323975,6.167199611663818
29587,3.480405569076538,4.197129249572754
2770,3.2071125507354736,3.4107892513275146
88268,1.819834589958191,2.2279882431030273
54674,3.7052884101867676,4.132071495056152
52414,0.5419896245002747,0.6908674240112305
50270,2.058302164077759,2.444061279296875
88751,1.2699731588363647,1.522826075553894
22988,3.24365496635437,3.730128526687622
57009,0.8914910554885864,1.1808438301086426
85971,1.395151972770691,2.3132452964782715
78159,3.5287117958068848,3.6362905502319336
32975,5.269130229949951,5.892379283905029
56888,4.262692928314209,5.074422359466553
54117,4.8563995361328125,5.525443077087402
5558,0.7482283711433411,0.9877582788467407
18677,4.68389892578125,5.202155113220215
88752,2.365766763687134,3.0992839336395264
11597,5.639373779296875,5.899180889129639
64728,1.0920746326446533,1.4934388399124146
11091,3.4841153621673584,4.138723850250244
71673,3.269284725189209,3.621638059616089
95085,2.502998113632202,2.9596993923187256
5899,0.9304244518280029,1.0331937074661255
126810,0.8130789995193481,0.8979052305221558
133617,1.2179280519485474,1.37252676486969
96467,5.218902587890625,5.644676685333252
13411,0.8438097238540649,0.9939509034156799
98120,2.170159101486206,2.9678993225097656
29832,4.203596591949463,4.880919933319092
35803,2.883385181427002,4.180182933807373
97748,4.441155433654785,4.689750671386719
32798,5.236916542053223,6.761303424835205
29241,0.9196144938468933,1.3952733278274536
108636,4.07741641998291,4.797608852386475
126650,2.7976980209350586,3.596590042114258
70768,1.9280357360839844,2.3593573570251465
26901,1.6212913990020752,1.8206443786621094
60219,1.5158379077911377,1.6626046895980835
40748,1.9002457857131958,2.438472270965576
23048,2.938891887664795,3.6768643856048584
57247,2.2808940410614014,2.610595941543579
115244,0.6785920262336731,0.8273892402648926
132701,2.6236560344696045,3.494722843170166
119704,1.7270270586013794,2.1764204502105713
4922,1.9022753238677979,2.2889418601989746
83127,1.5328510999679565,1.9903265237808228
62716,3.576723098754883,3.8673436641693115
77270,2.6773176193237305,3.1562600135803223
121335,3.4483389854431152,3.8750007152557373
37861,0.7748470306396484,0.8405777812004089
112139,0.9482449293136597,1.1570478677749634
66429,1.2425583600997925,1.5013189315795898
18316,4.275264263153076,5.055938243865967
74688,0.883918821811676,1.2362406253814697
97296,3.030197858810425,3.30564546585083
67728,4.159881591796875,4.991535663604736
134442,3.593710422515869,4.076046943664551
96549,3.3826348781585693,4.570758819580078
22413,1.0171748399734497,1.086779236793518
42938,4.26188325881958,4.632296085357666
97704,3.825443983078003,4.928580284118652
98362,1.8203277587890625,1.9685616493225098
92006,2.0944974422454834,2.1672303676605225
94265,3.1827075481414795,3.8555688858032227
43919,3.0576870441436768,3.561910390853882
103236,0.6752027869224548,0.8013660311698914
64042,2.8475024700164795,3.1106531620025635
74491,1.8122992515563965,2.9778385162353516
127887,2.780634880065918,3.427802324295044
46362,5.370538234710693,6.418076992034912
56144,3.943066358566284,4.282864093780518
122949,4.496675968170166,5.1492204666137695
74164,7.10414457321167,8.090777397155762
94509,0.8999886512756348,0.9758294820785522
21895,7.584481239318848,8.398481369018555
100622,12.24655532836914,13.23456859588623
106988,0.6128606200218201,0.7717698216438293
105125,3.9619319438934326,4.452558517456055
94935,6.51556396484375,6.760720729827881
19589,3.8591995239257812,4.546532154083252
18999,3.8039028644561768,4.514194488525391
98595,0.6941296458244324,0.8036976456642151
37338,0.8669931292533875,1.2091760635375977
1865,1.2843469381332397,1.4264475107192993
96592,3.8177242279052734,4.320090293884277
28094,3.6442208290100098,4.185225963592529
25499,3.676518440246582,4.532822608947754
22896,1.4169337749481201,1.4798059463500977
132444,2.332179546356201,2.6048436164855957
72587,2.2411413192749023,3.2144389152526855
93204,4.219488620758057,4.811288833618164
971,4.189703464508057,5.5174455642700195
110204,2.2108442783355713,2.791273355484009
71428,5.8398027420043945,6.4825968742370605
23807,2.4808554649353027,2.7615864276885986
61058,2.198737382888794,3.14410662651062
132837,5.108098030090332,6.195448875427246
114679,0.8493554592132568,0.9524379372596741
63169,0.9454455971717834,1.1387324333190918
39476,2.65130352973938,3.2777957916259766
101630,2.915621519088745,3.4485602378845215
61192,2.9493603706359863,3.5782411098480225
125443,3.335256338119507,3.773054361343384
123304,1.422084093093872,1.726825475692749
94449,2.5346713066101074,3.1192643642425537
122582,2.6177988052368164,3.62864089012146
58757,2.7865397930145264,3.2448885440826416
12023,1.2436530590057373,1.4343783855438232
54538,0.7702112793922424,1.1502772569656372
9332,5.537710666656494,6.1653852462768555
56167,3.044405460357666,3.780062675476074
111070,1.610883355140686,2.0156500339508057
30826,3.289851188659668,4.4480791091918945
77082,0.6063860654830933,0.6772934198379517
120352,1.7870298624038696,2.097020149230957
84258,4.014564514160156,4.895801067352295
29459,3.632917642593384,3.8552870750427246
41223,3.4826254844665527,4.009476184844971
5659,4.5147576332092285,4.97819709777832
71172,2.1191468238830566,2.1881816387176514
34720,3.5438027381896973,3.9554145336151123
73484,2.8697431087493896,3.4443395137786865
112362,3.499678373336792,5.568037986755371
128385,1.885777473449707,2.5369198322296143
26565,4.1513848304748535,4.476698398590088
16128,3.956325054168701,6.574545860290527
104425,6.735284328460693,7.569109916687012
43564,1.2433832883834839,1.5529122352600098
67739,1.3882567882537842,1.719509482383728
69633,3.672839641571045,4.764408111572266
129853,2.0597214698791504,2.382319927215576
20259,3.1398959159851074,3.750333070755005
36448,5.079505443572998,5.891863822937012
126747,2.0504770278930664,2.8579471111297607
72398,1.59140145778656,2.1797029972076416
89593,4.387148857116699,5.012760639190674
121216,4.548041343688965,4.913397789001465
65826,3.3008713722229004,3.625492572784424
51347,4.288390636444092,5.02211332321167
14252,5.557094097137451,6.221836090087891
50202,4.224010944366455,4.818999767303467
53398,4.061131954193115,5.059063911437988
45379,2.069167137145996,2.736886739730835
46205,4.45909309387207,4.95257043838501
61783,0.5188918709754944,0.875634491443634
67834,4.374682903289795,5.277589321136475
105300,2.373652935028076,2.722177743911743
78076,1.8927688598632812,3.594082832336426
123532,0.9581366777420044,1.1313666105270386
74547,1.750197410583496,2.212083578109741
37287,3.15326189994812,3.6128780841827393
4041,3.8191516399383545,4.596678733825684
99546,4.911379814147949,5.453535556793213
63823,3.168123960494995,3.289926052093506
94250,3.5016775131225586,3.8593106269836426
36988,3.1794445514678955,3.5132999420166016
13362,2.147228479385376,2.260960817337036
40440,3.9519615173339844,4.655128479003906
28183,1.5047835111618042,1.9104458093643188
70684,4.496445655822754,5.335838794708252
25598,0.6291114687919617,0.6741657257080078
83788,4.471859931945801,5.567703723907471
8981,6.118060111999512,7.7287750244140625
91160,3.137119770050049,3.7457642555236816
115727,1.7644388675689697,2.8406620025634766
32449,0.996388852596283,1.4246989488601685
84561,1.5510485172271729,1.8042871952056885
22231,3.14131760597229,4.36674690246582
117996,1.129429817199707,1.2244869470596313
114954,3.8893134593963623,4.270754814147949
35642,1.796501874923706,2.0101239681243896
48423,2.160804271697998,2.6920688152313232
76427,3.1432573795318604,3.47841739654541
116330,1.5612730979919434,2.09576416015625
42139,1.7294293642044067,1.790086269378662
10069,1.4708904027938843,1.8496443033218384
20720,0.9118605852127075,1.095078468322754
104731,1.713879942893982,2.4479479789733887
28469,0.7877485752105713,1.1058034896850586
130182,1.0428330898284912,1.3286560773849487
101534,1.6638246774673462,2.26836895942688
77156,4.034205913543701,5.019119739532471
105242,3.9022135734558105,4.427973747253418
8975,5.230419635772705,5.629255771636963
7417,3.040250301361084,3.415888547897339
46032,3.1388344764709473,3.755608081817627
129300,3.1235461235046387,3.5532898902893066
22913,1.0825670957565308,1.5480883121490479
99929,2.5924060344696045,3.2180190086364746
101813,2.3306283950805664,2.9257850646972656
118636,2.361652374267578,2.817347288131714
118100,3.677154541015625,4.491708755493164
129910,4.116703033447266,4.679940223693848
89697,4.292642593383789,4.6010847091674805
56001,2.299215793609619,3.213050365447998
44862,4.255305767059326,4.608344554901123
30598,3.5048141479492188,3.7034859657287598
88023,3.0119006633758545,3.8313047885894775
68775,5.371157169342041,5.664721965789795
40793,2.0570802688598633,2.388129949569702
71991,1.6023504734039307,2.3630826473236084
5994,5.266949653625488,6.704297065734863
133796,3.0710198879241943,3.344520092010498
2918,3.835301637649536,4.35412073135376
57240,0.9983513951301575,1.2445560693740845
83407,2.5025224685668945,3.0928311347961426
112060,3.065891742706299,3.4103479385375977
65228,4.9273505210876465,5.726888179779053
53569,2.2354979515075684,2.8546411991119385
104269,5.567034721374512,6.060287952423096
6279,3.315542697906494,3.4830398559570312
514,2.1714084148406982,3.1382219791412354
60382,3.369731903076172,4.550612926483154
29666,1.0418554544448853,1.3585267066955566
67552,1.573563575744629,1.9709510803222656
95318,12.067193031311035,15.891561508178711
101754,2.4023334980010986,3.4255332946777344
12926,4.366676330566406,4.850749969482422
111693,3.6371116638183594,4.377868175506592
4857,0.929675281047821,1.1434911489486694
37492,1.1341841220855713,1.388503909111023
121838,1.2529029846191406,2.245290756225586
67073,5.9940924644470215,6.135157585144043
108414,1.195533037185669,1.7984384298324585
47023,2.665066719055176,3.311262369155884
57914,0.895159900188446,1.3386225700378418
13205,2.054715156555176,2.6467745304107666
36870,2.608308792114258,3.1851165294647217
74660,0.5676656365394592,0.7799492478370667
1707,1.437901258468628,1.9092974662780762
31230,2.3469009399414062,3.2733917236328125
67390,1.406576156616211,1.578688144683838
2187,1.5734443664550781,1.9231773614883423
117517,2.81343412399292,3.2691853046417236
5676,1.3445335626602173,1.5148520469665527
38070,3.311211347579956,3.7979485988616943
19117,6.673382759094238,6.696318626403809
48944,2.066397190093994,3.1848437786102295
99868,4.057144641876221,4.861072540283203
107442,3.6522250175476074,4.808343410491943
13815,5.333144187927246,5.638381004333496
81785,2.73606014251709,3.405409097671509
19195,1.748792052268982,2.090420722961426
70491,2.0057151317596436,2.5709638595581055
71670,2.576228380203247,3.2937185764312744
10110,2.5987548828125,3.3093130588531494
64678,4.149703025817871,4.734356880187988
101100,5.101076602935791,5.6014299392700195
21238,3.643688917160034,4.012872695922852
80118,2.7925937175750732,3.1481094360351562
4078,6.700773239135742,7.181182861328125
124834,4.739890098571777,5.7652764320373535
43462,3.2687156200408936,3.7113208770751953
61852,4.222930431365967,5.336199760437012
30679,1.2966930866241455,1.7401676177978516
50517,8.566790580749512,9.139371871948242
133054,0.8480864763259888,1.1058390140533447
95464,6.1629862785339355,6.23463249206543
98577,4.016808986663818,4.802516937255859
62296,4.356853008270264,5.227518558502197
40879,2.838238477706909,3.4361836910247803
22610,3.138282060623169,4.616833209991455
84505,4.0246052742004395,4.7251200675964355
107261,3.0279788970947266,3.7364511489868164
71908,4.611067771911621,6.385234832763672
46435,4.608349800109863,5.883049011230469
79396,2.4252378940582275,3.237750768661499
100184,1.449878215789795,1.798354148864746
116536,4.842063903808594,5.187097072601318
57808,3.4729602336883545,3.901252269744873
73904,3.5527448654174805,3.95194935798645
80862,2.5390465259552,3.8082141876220703
87291,3.356308698654175,3.843775987625122
85818,1.6510558128356934,3.2081422805786133
94257,1.1176092624664307,1.2134101390838623
78895,5.077826499938965,5.336989402770996
117079,2.979278564453125,3.142049551010132
29798,1.6958359479904175,1.7735525369644165
81309,3.2168917655944824,3.8228373527526855
2622,3.3233046531677246,3.499814510345459
8121,3.540066957473755,3.816143274307251
129598,3.396515130996704,3.5541486740112305
77768,1.8423264026641846,2.3307931423187256
32551,3.0427322387695312,3.272578716278076
123574,2.3507180213928223,2.6542623043060303
12999,0.7684155106544495,0.9120239615440369
125323,5.312093257904053,5.941631317138672
26438,3.403646230697632,4.221064567565918
28519,0.478772908449173,0.7738916277885437
45329,2.7397260665893555,3.7544479370117188
23768,3.670408248901367,3.8657076358795166
115203,3.3882222175598145,4.308083534240723
64990,2.174042224884033,2.6455936431884766
77522,3.9356727600097656,4.45547342300415
87263,3.1927905082702637,3.5512001514434814
21310,0.3917697072029114,0.49020516872406006
29094,3.95178484916687,4.70206356048584
61347,5.073934078216553,5.145723342895508
57124,1.8434722423553467,1.9583790302276611
119852,1.1170004606246948,1.2747904062271118
89023,4.26199197769165,5.052628040313721
69269,3.9141275882720947,4.369889259338379
127378,1.0877853631973267,1.3586475849151611
122715,2.9946093559265137,3.9226179122924805
40365,3.6789817810058594,4.0042500495910645
85709,7.002072334289551,7.874321460723877
36152,3.7563729286193848,4.431012153625488
117271,1.2444318532943726,1.745979905128479
71115,4.5281572341918945,5.105705738067627
118788,2.6465060710906982,3.1659867763519287
32991,3.4427292346954346,3.6497442722320557
97918,1.832191824913025,2.1377899646759033
53625,1.6490695476531982,1.8873435258865356
28277,6.625649452209473,6.832032680511475
88089,2.6682288646698,3.2305071353912354
90325,5.626490592956543,6.292716979980469
75975,5.401240825653076,5.6918535232543945
8398,2.3604702949523926,2.9137728214263916
