UID,RMSE
9,4.724285125732422
16,5.585305213928223
91,4.957460403442383
132,4.782670021057129
166,4.617600917816162
189,4.044195175170898
261,2.8437178134918213
295,2.436960458755493
410,4.962388038635254
447,5.015058994293213
505,4.0906982421875
508,4.441352367401123
521,5.2965521812438965
534,5.318002223968506
574,2.905684232711792
581,1.8412673473358157
590,5.127754211425781
604,6.065230369567871
620,3.916268348693848
629,4.8223066329956055
749,5.4542670249938965
754,3.341150999069214
848,4.957983493804932
853,4.661825656890869
878,4.111512660980225
880,4.160302639007568
906,3.817459583282471
932,3.705258369445801
933,5.3842620849609375
948,2.7257978916168213
1080,5.348770618438721
1104,4.40285062789917
1111,3.8777806758880615
1179,4.24206018447876
1183,4.084921836853027
1252,3.1766371726989746
1301,3.760923385620117
1515,5.361067771911621
1533,0.8860388994216919
1554,5.217633724212647
1636,4.562778472900391
1861,0.0964795351028442
1909,4.996050834655762
2047,5.080448150634766
2103,3.124251365661621
2184,1.3461973667144775
2188,4.895491600036621
2248,3.20861291885376
2307,4.971862316131592
2364,4.90470552444458
2392,4.9540791511535645
2394,2.159301519393921
2425,4.862204074859619
2434,4.720790863037109
2587,5.447785377502441
2724,2.2911877632141118
2741,4.916133880615234
2809,5.359237194061279
2818,1.6903955936431885
2827,5.39802885055542
2831,4.756262302398682
2942,4.869505882263184
3061,5.003698825836182
3073,4.512472629547119
3293,2.171182870864868
3322,5.00823450088501
3336,2.955944061279297
3440,5.038450241088867
3512,4.804104328155518
3514,5.312434196472168
3600,3.3693878650665283
3653,4.254645347595215
3718,5.273386001586914
3744,3.14845609664917
3763,5.657829761505127
3817,4.874723434448242
3828,4.4990105628967285
3852,4.715296745300293
3905,4.212355136871338
3990,1.747441291809082
4038,2.6036555767059326
4056,4.540843486785889
4075,3.901005506515503
4077,4.255936145782471
4167,4.984139442443848
4467,3.725961685180664
4506,2.161280393600464
4509,4.403348445892334
4520,3.962395429611206
4540,5.523287296295166
4554,5.35336971282959
4643,4.796192646026611
4644,5.085673809051514
4648,3.4663615226745605
4971,2.8872628211975098
5067,4.175570487976074
5170,4.316232204437256
5209,3.2350077629089355
5303,5.002176284790039
5357,5.301713943481445
5399,4.972851753234863
5400,4.152601718902588
5424,5.296584129333496
5443,5.839940547943115
5449,4.576540946960449
5471,4.572434425354004
5497,4.770847797393799
5514,3.182344436645508
5537,2.9267587661743164
5769,4.054114818572998
5774,4.377786159515381
5878,6.256845474243164
5892,4.826608180999756
5916,4.021092414855957
6030,4.470902442932129
6041,5.183450698852539
6058,4.309609413146973
6142,2.364531278610229
6144,3.168823719024658
6168,5.274482250213623
6194,4.9166412353515625
6198,4.698365211486816
6327,5.361254215240479
6392,5.425539493560791
6406,4.308376312255859
6458,4.901203155517578
6483,3.060645818710327
6487,3.1877636909484863
6505,4.810160160064697
6508,5.543428421020508
6637,4.369933605194092
6643,4.294798851013184
6666,5.3102569580078125
6680,4.441041946411133
6723,5.09677791595459
6755,1.4475868940353394
6774,4.920673847198486
6888,3.531930685043335
6924,5.923171520233154
6995,4.980154991149902
7058,5.651740074157715
7069,4.449235439300537
7097,4.859890937805176
7126,5.175024509429932
7135,4.560997009277344
7155,4.430171489715576
7205,4.38287878036499
7285,4.685011863708496
7291,5.637214183807373
7323,4.795478343963623
7344,3.655494928359986
7448,4.146842956542969
7581,5.01205587387085
7595,3.212724208831787
7596,3.80600643157959
7778,1.8645737171173096
7787,1.7024215459823608
7800,4.561122894287109
7807,4.038814544677734
7918,5.166365623474121
7943,4.611573219299316
7974,4.877678394317627
7995,5.42185115814209
8013,5.703021049499512
8049,3.86333680152893
8056,5.320157527923584
8072,4.954643726348877
8092,3.3023018836975098
8147,4.915632724761963
8210,4.068450927734375
8234,0.5379950404167175
8300,4.556419372558594
8304,4.74668025970459
8326,4.560078144073486
8426,3.213296175003052
8560,5.149737358093262
8567,5.076525688171387
8579,4.377390861511231
8634,2.559802293777466
8715,3.915879249572754
8765,5.40008020401001
8812,4.069559097290039
8871,3.700058937072754
8931,4.603903293609619
8935,4.879601001739502
8949,4.179977416992188
9046,5.296521186828613
9123,2.6823596954345703
9134,5.307403087615967
9155,5.545576572418213
9194,4.787991046905518
9226,5.007011890411377
9283,4.722009181976318
9315,4.959395408630371
9455,5.9763503074646
9494,5.292163372039795
9507,4.485366821289063
9541,4.291773796081543
9552,5.119933128356934
9590,4.992824077606201
9596,4.555339336395264
9606,4.908198356628418
9619,5.734134674072266
9622,5.116395473480225
9725,4.653727054595947
9882,4.913618564605713
9971,5.435698509216309
10157,4.790665149688721
10160,3.868531465530396
10223,4.2772536277771
10243,3.095564365386963
10261,5.33634090423584
10270,5.21741247177124
10357,5.315041542053223
10459,5.064098834991455
10591,2.136436700820923
10673,0.7587177753448486
10711,3.629434108734131
10785,4.930502891540527
10789,5.009763240814209
10884,4.842130661010742
10962,6.295968055725098
10972,5.720028877258301
11006,5.039480209350586
11077,5.199864864349365
11207,4.694490432739258
11214,4.753196239471436
11247,5.825085163116455
11255,2.713372707366944
11311,4.542657375335693
11364,5.122111797332764
11403,3.9718756675720215
11429,3.629617691040039
11547,5.063750743865967
11557,4.7892022132873535
11627,4.009670734405518
11858,5.112248420715332
11881,0.7174683809280396
11907,4.80958890914917
11915,3.9439196586608887
11928,4.55898380279541
11937,4.720130920410156
11983,4.902504920959473
12007,1.6568831205368042
12138,5.737483501434326
12165,4.921107292175293
12172,4.741330146789551
12260,5.289352893829346
12307,4.202052116394043
12336,4.752406120300293
12391,4.026469707489014
12528,1.8131240606307983
12617,5.570141792297363
12680,4.694652557373047
12708,4.187159538269043
12742,4.780845642089844
12743,3.3570213317871094
12885,4.639077186584473
12891,5.4135918617248535
12991,4.536268711090088
13103,5.134308338165283
13127,3.605414390563965
13246,4.08784818649292
13373,4.216259479522705
13424,4.726548194885254
13558,3.754446506500244
13675,5.528909683227539
13680,4.535754680633545
13721,3.774497985839844
13752,5.174365043640137
13844,4.712362289428711
13928,5.397194862365723
14089,4.070687770843506
14192,2.88256311416626
14218,4.469656467437744
14229,5.173904895782471
14267,4.8496928215026855
14319,0.9066362380981444
14322,5.506288528442383
14485,4.974391460418701
14618,4.95619535446167
14632,5.103331089019775
14744,4.254214286804199
14763,5.046402454376221
14862,3.535496473312378
14939,1.6651954650878906
14977,5.215497016906738
15128,5.642786026000977
15139,4.200395107269287
15143,3.277416229248047
15147,5.163016319274902
15235,5.263778209686279
15317,4.622617721557617
15338,3.90617299079895
15362,5.399547100067139
15638,4.560072898864746
15640,4.721352577209473
15659,3.1879775524139404
15701,4.095846652984619
15752,5.098681449890137
15777,5.782685279846191
15829,4.929787635803223
15906,4.991070747375488
16077,4.954160690307617
16089,4.272504806518555
16098,4.173866748809815
16101,5.526512145996094
16119,5.085474967956543
16145,1.7862375974655151
16163,4.100157737731934
16209,1.0640474557876587
16255,4.943467617034912
16289,5.338602542877197
16360,4.400656700134277
16411,4.593199729919434
16434,4.217240333557129
16536,2.071122407913208
16567,5.19973611831665
16587,4.675466537475586
16609,4.590863227844238
16625,4.641740798950195
16632,5.778791427612305
16721,5.1019206047058105
16827,5.51132345199585
16830,4.9623236656188965
16895,5.441432476043701
16936,4.3013787269592285
17030,4.653704643249512
17098,5.929605484008789
17162,3.936253786087036
17165,4.903041362762451
17178,1.977705717086792
17236,5.049530506134033
17347,4.196101188659668
17356,4.137934684753418
17401,5.172370910644531
17411,3.054079055786133
17446,2.105266571044922
17458,5.0819411277771
17522,5.444436073303223
17527,2.641852617263794
17549,3.300021171569824
17568,6.154130935668945
17573,1.496260404586792
17808,3.7765896320343018
17968,0.9662991166114808
18059,4.972125053405762
18065,5.916141986846924
18175,6.830038547515869
18209,3.668058395385742
18240,4.940202713012695
18450,5.216899394989014
18541,5.523911476135254
18712,1.6784632205963137
18861,5.116621017456055
18871,3.555609941482544
18912,5.771093845367432
18924,2.32534122467041
18935,3.2857110500335693
19026,3.214914083480835
19056,4.913619518280029
19266,5.718400001525879
19313,5.167827129364014
19576,5.500346660614014
19655,4.373896598815918
19769,4.920223236083984
19820,1.7078754901885986
19872,5.087538719177246
19895,4.8175201416015625
19967,5.893588066101074
19973,2.493905544281006
19974,2.85443377494812
20001,1.263406753540039
20040,2.541825771331787
20114,6.353156089782715
20165,5.411355972290039
20234,0.7312463521957397
20323,5.372103691101074
20368,1.3818752765655518
20387,5.058984279632568
20423,4.320018768310547
20432,4.907438278198242
20439,3.150792360305786
20450,5.009252071380615
20510,5.77202033996582
20552,4.478090763092041
20570,4.605369091033936
20607,4.867821216583252
20618,5.420532703399658
20638,1.139367938041687
20679,4.461214542388916
20723,4.676429271697998
20742,5.311671733856201
20823,3.8088626861572266
20848,5.142588138580322
20858,3.676182746887207
20869,6.192268371582031
20972,5.495677471160889
21062,1.232444405555725
21115,4.927833080291748
21156,3.040792942047119
21282,4.61705493927002
21300,4.079086780548096
21340,5.022234916687012
21373,4.599974632263184
21392,4.745933532714844
21410,5.514523983001709
21460,4.458547115325928
21535,5.34492301940918
21663,4.552160263061523
21699,4.356409072875977
21752,4.96852970123291
21775,2.867825984954834
21846,4.940859317779541
21896,4.979678630828857
21942,4.490658283233643
21948,5.372608184814453
22086,4.9129638671875
22115,4.304117679595947
22148,3.260612726211548
22199,4.208703517913818
22255,3.260474920272827
22307,3.0058298110961914
22370,5.141997337341309
22488,5.13618803024292
22506,3.029770851135254
22626,3.5811901092529297
22659,3.795994997024536
22691,2.859487533569336
22833,5.024144172668457
22884,5.285600662231445
22890,5.156877517700195
22908,5.19077205657959
22915,5.049478054046631
22984,5.017390251159668
23052,5.404125213623047
23072,5.162595748901367
23092,4.083237171173096
23126,5.254496574401856
23134,5.679361820220947
23229,4.024613380432129
23311,2.0883214473724365
23336,5.582388877868652
23361,4.913920402526856
23366,3.5387651920318604
23385,2.960356950759888
23454,3.9659039974212646
23551,3.723788022994995
23607,0.8720689415931702
23753,4.876270294189453
23863,2.883723020553589
23978,4.5837016105651855
24056,2.930575370788574
24104,4.538241863250732
24130,5.005882263183594
24145,5.180564880371094
24148,1.3264648914337158
24149,4.816114902496338
24152,3.5776679515838623
24172,4.987650871276856
24179,4.102307319641113
24302,3.794675827026367
24313,6.136508941650391
24405,4.583487510681152
24452,3.0215420722961426
24456,4.404208183288574
24489,5.457206726074219
24682,5.032760143280029
24764,5.725254535675049
24806,4.691787242889404
24909,4.705326557159424
25038,3.641395092010498
25075,5.385158538818359
25119,4.902390956878662
25160,5.650364398956299
25196,5.359043598175049
25224,5.094153881072998
25393,5.343859672546387
25416,0.7010784149169922
25427,2.846254348754883
25431,4.761695861816406
25442,4.8932695388793945
25467,4.78713846206665
25542,3.8295469284057617
25688,4.556872367858887
25731,5.21484899520874
25760,1.4475107192993164
25839,5.165123462677002
25886,2.890177965164185
25933,4.727573394775391
25976,5.105930805206299
26028,5.010999202728272
26248,0.4418879747390747
26250,5.23014497756958
26272,1.1181005239486694
26298,4.988247394561768
26392,5.157408714294434
26400,5.517429351806641
26513,5.588979721069336
26545,3.761861085891724
26568,4.888251304626465
26572,1.4924300909042358
26595,6.816306114196777
26614,4.88961124420166
26640,4.959567546844482
26689,4.313530921936035
26787,4.357229232788086
26943,5.101267337799072
26947,2.8796353340148926
27011,3.826711177825928
27149,5.236154556274414
27183,4.841611385345459
27197,5.032725811004639
27292,5.219486713409424
27656,3.393373489379883
27681,5.19842004776001
27685,5.438607215881348
27775,0.9515836834907532
27778,5.071052074432373
27817,4.63049840927124
27820,5.3748087882995605
27823,5.18160343170166
27834,4.402851581573486
27863,4.733689308166504
27871,5.34449577331543
28023,5.209360599517822
28119,5.75507926940918
28246,5.277854442596436
28387,4.153570652008057
28468,4.892068386077881
28518,4.943380832672119
28577,4.275556564331055
28613,4.638189792633057
28656,7.060176849365234
28658,4.29926061630249
28692,1.2446619272232056
28785,5.172434329986572
28829,4.712080001831055
28884,5.290419101715088
28915,5.334311008453369
28952,2.882207155227661
28981,2.8228352069854736
28991,5.714243412017822
29025,4.929693222045898
29042,5.171111106872559
29043,5.2887372970581055
29099,5.350822448730469
29115,3.7378103733062735
29210,4.945338249206543
29212,1.6429595947265625
29231,5.08375358581543
29310,3.9442138671875
29350,2.0030629634857178
29484,5.505628108978272
29537,4.961852550506592
29544,4.956406116485596
29554,4.585990905761719
29561,4.262961387634277
29585,5.701262950897217
29694,5.055712699890137
29809,4.843190670013428
29844,4.099419116973877
29876,4.624646663665772
29944,4.978814125061035
30024,4.6131439208984375
30063,5.615280628204346
30113,4.108460903167725
30181,4.826625823974609
30182,5.260092258453369
30217,3.3087518215179443
30268,5.281756401062012
30277,5.1141037940979
30304,1.3582499027252195
30394,5.342362403869629
30545,5.535892009735107
30579,5.209264755249023
30580,4.809602737426758
30637,4.905752182006836
30670,4.438732147216797
30713,3.9474830627441406
30937,4.908605098724365
30998,4.424793243408203
31122,1.5751632452011108
31165,3.989805221557617
31167,2.987878561019897
31228,4.272186756134033
31234,2.7205309867858887
31239,5.029797077178955
31344,3.8544845581054688
31363,5.030481338500977
31390,4.871944427490234
31396,5.253307819366455
31406,1.007225751876831
31415,4.942251205444336
31442,4.987156867980957
31513,5.767381191253662
31537,3.922366380691528
31551,3.934290409088135
31558,3.9490137100219727
31700,4.571903228759766
31781,5.159437656402588
31791,5.098202228546143
31800,4.571589469909668
31810,1.4354711771011353
31814,4.420928001403809
31867,5.057856559753418
32007,3.651758909225464
32031,4.718745231628418
32084,2.3673529624938965
32159,4.030285358428955
32196,4.888086795806885
32309,1.116713285446167
32319,4.126960277557373
32438,1.702035427093506
32466,5.025874614715576
32627,2.784905195236206
32646,4.973448753356934
32676,5.070005416870117
32705,4.036938667297363
32707,2.347728729248047
32880,3.215087890625
32892,4.612144470214844
33013,6.042023181915283
33031,4.174501895904541
33036,5.097827434539795
33094,5.241398334503174
33195,4.34749698638916
33555,3.869297742843628
33591,4.654871463775635
33594,4.624472141265869
33664,0.3533955216407776
33699,5.229007720947266
33835,4.990806579589844
33875,4.59703540802002
33889,5.371476650238037
33944,4.36512565612793
33950,4.761358737945557
33952,2.8176422119140625
34035,4.0115885734558105
34061,4.473798751831055
34152,3.366234064102173
34186,4.9009857177734375
34325,5.111393451690674
34405,4.867967128753662
34555,3.2189531326293945
34579,5.813652992248535
34678,5.295614719390869
34689,4.588364601135254
34711,3.5455009937286377
34912,4.758319854736328
34954,5.351015090942383
35076,3.1980528831481934
35096,5.16276741027832
35117,4.955054759979248
35126,2.888262987136841
35186,5.253734111785889
35205,5.087080001831055
35238,3.860042095184326
35261,5.3078155517578125
35268,5.286860466003418
35388,4.862793922424316
35431,5.05202054977417
35485,3.6889572143554688
35599,5.356176376342773
35806,5.220560550689697
36007,3.679762840270996
36030,4.678545951843262
36050,5.128995895385742
36092,4.128427028656006
36108,5.280337333679199
36157,0.4529067277908325
36173,4.489902496337891
36326,5.657189846038818
36357,5.246997356414795
36419,4.427964210510254
36429,4.54658842086792
36578,5.472172260284424
36770,1.3029656410217283
36821,5.465657234191895
36822,4.859991073608398
36879,4.624719619750977
37025,5.101205825805664
37162,4.069770812988281
37163,4.090809345245361
37206,5.272290229797363
37296,5.255054473876953
37338,2.97137713432312
37342,5.269557952880859
37378,4.613071441650391
37388,4.711702346801758
37402,1.538654923439026
37406,4.4113078117370605
37520,5.018424987792969
37555,4.980347156524658
37567,4.623561859130859
37609,5.270219802856445
37612,5.426388740539551
37620,1.7218217849731443
37643,4.478477954864502
37648,1.8484365940093996
37696,4.448090553283691
37702,3.859671831130981
37716,5.283672332763672
37853,5.290634632110596
37857,2.842142343521118
37862,4.375720500946045
37964,5.356759071350098
38013,4.6152424812316895
38021,4.3014092445373535
38196,4.938047409057617
38221,5.377424716949463
38245,5.220425605773926
38254,2.8529624938964844
38284,4.768069267272949
38387,6.164318084716797
38422,3.3641717433929443
38446,5.143587589263916
38464,1.8428258895874023
38491,5.6547627449035645
38538,4.9435133934021
38627,4.547331809997559
38660,2.650023937225342
38732,5.33902645111084
38829,0.6908003091812134
38948,4.902660369873047
38997,5.13415002822876
39002,4.884025096893311
39056,4.547564506530762
39157,4.6996235847473145
39181,4.926270008087158
39207,4.855137825012207
39219,4.408074378967285
39225,5.1223673820495605
39262,5.231122970581055
39283,4.8554301261901855
39422,5.247827529907227
39490,4.039339065551758
39513,4.548896789550781
39572,4.824418544769287
39596,5.711317539215088
39683,4.562746524810791
39714,3.710154056549072
39718,2.40163803100586
39725,3.4925906658172607
39756,5.130964279174805
39760,5.2589263916015625
39869,4.057314872741699
39880,5.312167167663574
39968,4.600309371948242
39987,2.0460453033447266
40055,5.132757663726807
40093,4.853368759155273
40127,3.817073345184326
40179,3.455759763717652
40183,5.520233631134033
40221,4.534170150756836
40301,4.671868801116943
40336,0.4015997052192688
40452,4.054483413696289
40516,3.6630947589874263
40572,5.070849895477295
40574,5.103910446166992
40582,4.8130292892456055
40584,2.5854618549346924
40660,4.627520084381104
40694,6.076214790344238
40717,2.459857225418091
40844,5.162868976593018
40885,5.0386962890625
40947,4.880620956420898
40975,5.39889669418335
41065,4.196832180023193
41145,4.659653186798096
41224,4.97965145111084
41240,3.5811543464660645
41249,5.870151042938232
41258,3.3294382095336914
41390,4.928464889526367
41392,4.65284538269043
41425,4.919330596923828
41462,2.2870137691497803
41512,5.526996612548828
41530,5.087595462799072
41535,3.620619297027588
41536,4.29362154006958
41613,4.876036643981934
41794,4.089934825897217
41803,5.128484725952148
41839,3.391915798187256
41845,5.517405986785889
41875,5.031278610229492
41939,5.2244133949279785
41979,5.154080390930176
41990,5.102096080780029
42016,3.618098974227905
42044,4.561955451965332
42054,4.682452201843262
42061,4.792947292327881
42086,4.02738094329834
42179,4.901854038238525
42244,1.799622893333435
42458,4.274478912353516
42471,4.004093647003174
42552,3.7672653198242183
42590,1.5996544361114502
42591,5.1928391456604
42607,3.159931182861328
42658,4.901721954345703
42717,3.86547327041626
42747,2.8574535846710205
42769,5.255781173706055
42799,5.276895523071289
42831,4.139621257781982
42835,3.6229465007781982
42856,6.0120038986206055
42858,4.64829158782959
42862,4.07867956161499
42874,5.522116184234619
42917,4.283151626586914
42919,3.697975397109986
43016,3.897140502929688
43080,5.145865440368652
43186,0.8669216632843018
43208,4.527388095855713
43210,4.884977340698242
43238,5.214432239532471
43332,4.805575370788574
43351,4.251008987426758
43391,2.3879973888397217
43464,4.298535346984863
43594,3.622402191162109
43730,4.921178817749023
43734,5.367088794708252
43778,4.967806339263916
43847,5.94361686706543
43872,0.9024383425712584
43874,3.8440325260162354
43891,4.954961776733398
43902,5.798559665679932
43918,4.538873672485352
43933,5.071162700653076
43953,3.932025194168091
43965,2.150089979171753
44012,2.480632781982422
44033,4.7195143699646
44042,5.451941967010498
44141,5.10070276260376
44151,3.4232327938079834
44202,4.616100311279297
44268,3.4345645904541016
44272,5.109190464019775
44345,4.321278095245361
44495,4.32170295715332
44506,4.686247825622559
44508,5.015222072601318
44732,4.9555182456970215
44784,3.224960803985596
44793,4.417507648468018
44839,5.260659694671631
44849,0.8688311576843262
44865,5.368342399597168
44888,5.524619102478027
44913,3.8711016178131104
45090,5.75389575958252
45117,5.673909187316895
45126,4.030958652496338
45197,5.407908439636231
45313,3.1202306747436523
45335,4.510350704193115
45344,4.719587802886963
45405,4.158400535583496
45642,3.8931384086608887
45649,4.052687644958496
45662,5.003154754638672
45670,4.947916030883789
45753,5.240297317504883
45841,2.6959352493286133
45874,4.129017353057861
45877,1.2079734802246094
45881,4.767686367034912
45913,3.931088924407959
45943,4.742436408996582
45992,5.168178558349609
46041,4.872782707214356
46051,4.490167617797852
46052,5.128223896026611
46053,3.8349931240081783
46108,4.838418960571289
46197,1.5260868072509766
46198,4.627120971679688
46221,5.373787879943848
46230,5.364669322967529
46336,6.078031539916992
46368,5.146276950836182
46430,5.217866897583008
46523,4.6246514320373535
46534,0.9210504293441772
46560,3.0976967811584477
46661,5.16616678237915
46662,4.952951431274414
46675,5.163377285003662
46778,4.976274967193604
46815,2.926555156707764
46837,5.092576026916504
46842,5.168327331542969
46939,4.563230991363525
46955,4.928215980529785
46985,4.741045951843262
47027,4.701305389404297
47161,4.834852695465088
47231,4.665467739105225
47262,3.500571727752685
47328,4.034931182861328
47378,2.461446762084961
47534,4.82823657989502
47546,4.867651462554932
47616,4.686271190643311
47628,1.3779339790344238
47649,5.153382778167725
47651,4.8422064781188965
47666,4.63814640045166
47773,4.363612651824951
47848,5.209774494171143
47889,5.486782550811768
47943,3.2323765754699707
47957,4.405810832977295
48004,3.457740306854248
48049,5.2841105461120605
48060,5.433061122894287
48130,3.706028699874878
48150,5.744377136230469
48156,4.878975868225098
48157,5.441272735595703
48201,5.281898498535156
48218,4.341806411743164
48248,4.788157939910889
48253,5.021427154541016
48296,3.0300772190093994
48330,3.812843322753906
48387,4.110021114349365
48458,3.797732353210449
48496,3.662552118301392
48539,4.966858386993408
48541,5.49010705947876
48560,3.9431943893432617
48583,5.026356220245361
48645,4.740921974182129
48665,4.787941932678223
48671,1.1199464797973633
48707,4.882385730743408
48718,5.82960319519043
48781,1.9835363626480105
48787,4.09166431427002
48886,4.152892112731934
48900,3.786809921264648
48904,4.456346035003662
48913,5.041489124298096
48964,4.570033073425293
49118,4.670790195465088
49142,4.206193923950195
49293,4.634968280792236
49307,2.9767537117004395
49403,4.532812595367432
49410,2.891457319259644
49545,4.012643337249756
49677,2.398709774017334
49721,3.556793212890625
49740,3.684376001358032
49857,1.1004023551940918
49920,5.072152137756348
49927,5.257256984710693
49938,2.935256242752075
49995,3.58823823928833
50066,3.8910980224609375
50089,3.0288174152374268
50095,4.294400215148926
50102,2.8226888179779053
50151,5.549302577972412
50153,4.232860088348389
50286,4.646566867828369
50323,5.0270819664001465
50364,5.260210037231445
50380,4.593398571014404
50543,5.117927551269531
50553,4.132391929626465
50560,4.582237720489502
50687,5.407671451568604
50707,4.327159404754639
50743,2.9692955017089844
50770,4.14713191986084
50833,5.28768253326416
50855,5.77931547164917
50920,3.3060874938964844
51018,5.138882637023926
51040,5.279526710510254
51066,3.421656847000122
51084,4.988759517669678
51253,4.277647495269775
51293,5.050854682922363
51320,4.869975566864014
51345,4.87366247177124
51353,2.7503538131713867
51438,5.355624675750732
51518,4.854654312133789
51521,5.11474084854126
51624,4.7514967918396
51627,5.129526138305664
51697,5.115954875946045
51723,5.346131801605225
51886,3.5731492042541504
51918,4.856398582458496
52024,5.184085845947266
52079,4.711879730224609
52133,5.186791896820068
52135,5.228336334228516
52250,3.8481099605560303
52294,4.3401713371276855
52321,1.093396544456482
52334,4.8009772300720215
52429,3.5194907188415527
52481,4.929782390594482
52491,2.936060667037964
52526,5.526877403259277
52573,4.389917373657227
52658,4.66304874420166
52663,2.1250345706939697
52696,5.107932567596436
52708,5.120823383331299
52758,4.836889266967773
52819,3.7174072265625
52932,4.96189022064209
53022,4.048056125640869
53107,4.774968147277832
53176,4.83211088180542
53278,5.503690242767334
53304,4.964919567108154
53339,2.662973165512085
53361,5.358061790466309
53362,3.3532824516296387
53386,5.224167346954346
53414,2.771801710128784
53444,3.2403383255004883
53475,4.634548187255859
53499,4.862741947174072
53532,5.129140853881836
53584,4.589921951293945
53591,1.4078363180160522
53598,5.646055221557617
53622,4.222343921661377
53650,4.969950199127197
53710,4.118812561035156
53854,4.179853439331055
53903,4.831948757171631
53905,5.022946357727051
53990,4.800713539123535
54023,4.317353248596191
54081,4.947711944580078
54117,6.084458351135254
54163,5.425154209136963
54221,4.697658538818359
54241,4.954701900482178
54297,5.136834144592285
54396,4.577910900115967
54502,5.479574680328369
54616,4.9367547035217285
54641,5.300551891326904
54659,4.355813026428223
54671,3.471235036849976
54698,3.053517341613769
54779,5.277154445648193
54783,3.7550806999206543
54787,5.098674297332764
54829,4.109865665435791
54930,1.3942387104034424
54944,4.766495704650879
55001,3.375321626663208
55152,5.111044406890869
55307,3.825014114379883
55338,5.426623344421387
55365,6.367517948150635
55453,5.84731912612915
55490,5.31848669052124
55501,2.8199808597564697
55624,1.8849844932556152
55635,3.579267740249634
55661,2.160810947418213
55692,1.225305676460266
55722,4.714612483978272
55730,5.041834831237793
55799,4.359734058380127
55845,5.096850872039795
55872,5.071839809417725
55962,4.972427845001221
56005,4.531865119934082
56103,0.6945300698280334
56145,4.929900646209717
56165,1.475516438484192
56222,4.708077907562256
56259,3.8837924003601074
56295,5.109019756317139
56433,5.403599262237549
56448,2.897889852523804
56542,4.522677421569824
56570,0.2942100763320923
56654,1.4549880027770996
56723,5.776527404785156
56725,5.393399715423584
56795,2.258960247039795
56808,2.7698304653167725
57100,5.411470413208008
57160,3.794422149658203
57230,4.545097827911377
57244,5.892779350280762
57297,4.629703044891357
57358,5.408214092254639
57431,3.643975734710693
57450,3.6338934898376474
57458,5.798288345336914
57468,5.199833869934082
57626,3.897085666656494
57649,4.720838069915772
57659,4.349634647369385
57737,1.1300026178359983
57789,5.472498416900635
57860,3.308231830596924
57908,3.3796615600585938
57925,4.710776329040527
58018,4.698140621185303
58070,5.856059074401856
58077,3.0667457580566406
58084,4.731412887573242
58097,3.860992670059204
58151,4.775047779083252
58416,5.403048038482666
58473,4.537494659423828
58483,5.050155162811279
58528,4.980568885803223
58601,3.946545362472534
58743,4.8565192222595215
58780,4.549533843994141
58862,5.445710182189941
58870,1.5826692581176758
58875,3.630312919616699
59009,3.862661361694336
59026,5.034852981567383
59041,3.452406406402588
59097,5.401205062866211
59102,4.994041919708252
59139,4.7836995124816895
59262,3.1944684982299805
59272,5.142561912536621
59325,5.787916660308838
59386,0.6435329914093018
59451,5.089910984039307
59488,5.486851215362549
59506,4.049872875213623
59511,5.535318851470947
59615,5.13335657119751
59649,3.90247106552124
59686,4.939874649047852
59701,4.559762001037598
59755,5.185317039489746
59769,6.03903865814209
59807,5.28648567199707
59820,4.199493408203125
59831,3.550992965698242
59880,5.092716693878174
59915,3.04884672164917
59927,4.3344926834106445
60181,2.998478412628174
60359,4.084869384765625
60383,2.538371324539185
60463,3.250699758529663
60492,5.58394718170166
60500,4.946990013122559
60590,4.732901573181152
60594,4.710104942321777
60608,3.673963069915772
60645,4.827548027038574
60707,5.265985488891602
60738,4.4017653465271
60750,4.909900188446045
60810,5.085892677307129
60834,4.909270286560059
60848,3.0174107551574707
60918,5.584071159362793
61001,4.682876110076904
61053,5.297441005706787
61062,5.382872104644775
61174,3.152515172958374
61201,5.006557464599609
61217,5.386587142944336
61230,4.867690563201904
61255,4.840002536773682
61313,4.194974899291992
61348,3.839048385620117
61370,4.758960723876953
61379,4.929727554321289
61391,1.8633341789245603
61477,3.5875375270843506
61480,5.206214904785156
61489,6.278486251831055
61490,4.7820329666137695
61659,2.5600690841674805
61673,4.849124908447266
61684,4.618063449859619
61716,4.838196754455566
61737,5.271709442138672
61757,5.259236812591553
61821,5.715067386627197
61868,2.7977817058563232
61875,4.809600353240967
61895,1.4344398975372314
61961,1.3241167068481443
61998,3.378204584121704
61999,4.634425163269043
62002,4.876918792724609
62052,3.877565622329712
62072,4.737555980682373
62101,3.75223708152771
62149,5.172995567321777
62206,4.443662166595459
62321,5.075175285339356
62370,5.17198657989502
62401,4.417713165283203
62440,4.980517387390137
62457,5.054447174072266
62464,4.936672210693359
62510,5.023512363433838
62519,4.874812126159668
62614,3.3755040168762207
62640,4.830044269561768
62692,5.363250255584717
62746,4.073909282684326
62924,3.3499093055725098
62941,4.83709716796875
63075,4.115491390228272
63150,4.820070266723633
63220,3.8988633155822754
63250,5.202988624572754
63296,1.2511365413665771
63328,5.210888862609863
63406,5.018370151519775
63510,5.276744842529297
63533,5.473123550415039
63547,4.077629089355469
63552,5.010919094085693
63557,1.4960343837738037
63577,5.129365921020508
63605,2.43338680267334
63687,4.75007963180542
63732,1.9712234735488887
63867,5.122121810913086
63904,4.96723222732544
63927,2.864647388458252
63995,4.308861255645752
64007,2.885318756103516
64028,4.739531517028809
64081,4.065076351165772
64144,5.388686656951904
64237,4.784539222717285
64262,2.3067731857299805
64278,5.128966331481934
64334,4.735940933227539
64408,0.8426300287246704
64411,5.286991119384766
64412,2.179084539413452
64434,5.919260025024414
64470,1.1004544496536257
64521,5.922752857208252
64604,4.572493076324463
64618,5.135116100311279
64656,4.64360237121582
64683,1.0652012825012207
64716,4.814596652984619
64750,4.017032623291016
64800,4.383238315582275
64843,3.2040352821350098
64874,4.950608730316162
64893,2.6844024658203125
64912,4.164890289306641
64928,3.707031726837158
64950,4.67275333404541
64988,3.900409698486328
65004,3.2939229011535645
65016,4.217461585998535
65043,3.7602505683898926
65046,3.624691247940064
65121,5.136170387268066
65127,5.153079032897949
65311,4.952273845672607
65351,4.9991865158081055
65407,1.7026724815368652
65450,5.344162940979004
65459,4.728847503662109
65465,5.314314842224121
65602,5.408478736877441
65610,5.565395832061768
65764,4.311278343200684
65815,6.2337646484375
65833,3.3190925121307373
65954,3.941585302352905
65961,3.5373406410217285
65981,4.79439640045166
66017,4.194578647613525
66073,5.79097843170166
66166,3.690905570983887
66210,4.801363468170166
66211,4.2591423988342285
66267,5.487409114837647
66390,4.866709232330322
66671,4.429995536804199
66676,5.72809362411499
66687,4.425631523132324
66696,4.265189170837402
66739,5.4674391746521
67004,4.978611469268799
67033,3.784938335418701
67044,4.945293426513672
67287,2.9018685817718506
67325,5.105099678039551
67327,5.785323143005371
67356,1.7806812524795532
67389,3.658727645874024
67443,4.710177898406982
67482,2.4277138710021973
67580,4.397158145904541
67744,4.947846412658691
67845,4.823968410491943
67848,6.080695629119873
67873,4.732843399047852
67901,4.485364437103272
67963,3.7632455825805664
67984,5.434557914733887
68050,4.848089218139648
68222,2.917553663253784
68510,2.810722827911377
68548,5.427454471588135
68594,3.016329288482666
68637,4.587406635284424
68692,3.638837337493897
68696,5.031970500946045
69029,3.2646069526672363
69130,5.739612579345703
69159,5.145166397094727
69238,5.457878112792969
69300,5.48863697052002
69302,5.262484073638916
69347,5.14412784576416
69453,5.142454624176025
69471,3.840773344039917
69544,3.9579052925109854
69632,1.048745036125183
69794,5.072523593902588
69860,4.724903106689453
69894,4.771285057067871
69995,4.938366413116455
69997,5.122498512268066
70153,4.773262977600098
70167,4.847765922546387
70373,2.820639371871948
70394,3.223787546157837
70397,4.586634635925293
70399,6.193140983581543
70410,4.221120834350586
70443,0.9459003210067748
70446,5.9297614097595215
70513,5.309138298034668
70546,1.930236577987671
70548,4.757880210876465
70614,5.030135154724121
70620,3.834679126739502
70644,4.1170525550842285
70678,4.986346244812012
70887,4.151705265045166
70960,2.866539239883423
71106,3.544877290725708
71132,3.521981716156006
71133,4.081474304199219
71161,4.983942031860352
71178,5.176527500152588
71190,4.349252700805664
71191,5.427552700042725
71207,4.708087921142578
71289,0.9448673725128174
71399,5.090706825256348
71413,4.320730686187744
71414,4.876781463623047
71525,6.049890041351318
71581,4.118617057800293
71582,5.175257205963135
71701,5.130746364593506
71711,3.508668899536133
71713,4.777101993560791
71715,5.181879043579102
71792,5.2406768798828125
71820,5.7004714012146
71873,3.785988569259644
71914,3.418121337890625
71935,4.417003154754639
71947,4.988574981689453
72019,5.460352420806885
72077,3.804309129714966
72195,5.168724060058594
72258,3.913675308227539
72259,4.2206902503967285
72306,3.4527523517608643
72339,3.383728504180908
72346,4.7458367347717285
72407,5.104842185974121
72422,5.287904739379883
72428,5.332858562469482
72444,4.452106475830078
72463,3.2388198375701904
72470,4.523444175720215
72493,3.004006862640381
72579,3.96509861946106
72596,4.81016731262207
72657,4.731888294219971
72671,5.130218505859375
72731,4.55568265914917
72911,5.914444446563721
73005,4.919479846954346
73011,5.300837993621826
73048,3.797195434570313
73103,4.527983665466309
73178,4.844729423522949
73193,4.828930377960205
73219,5.3006744384765625
73284,4.187557697296143
73354,5.494189262390137
73413,2.9314486980438232
73484,5.406062602996826
73553,5.156045436859131
73605,2.391549825668335
73608,2.299985647201538
73658,4.355247974395752
73682,3.4401352405548096
73723,5.058698177337647
73789,5.1064534187316895
73823,5.027407169342041
73826,2.226341009140014
73828,5.145492076873779
73865,5.488039493560791
73891,5.163898468017578
73902,4.8234405517578125
74007,3.163393974304199
74026,5.0380682945251465
74097,3.066145420074463
74098,4.134572982788086
74265,4.279236793518066
74281,1.1381239891052246
74306,5.091960430145264
74421,5.8240227699279785
74436,1.3489277362823486
74465,3.040858507156372
74589,3.983257532119751
74618,4.606822967529297
74713,4.268467426300049
74745,2.568164110183716
74754,4.95021390914917
74780,5.106724739074707
74786,4.612059116363525
74905,5.52039098739624
74956,4.770524501800537
74977,4.408337116241455
74994,4.979966163635254
75038,2.454187154769897
75090,2.601318836212158
75148,5.207895278930664
75213,5.152317047119141
75219,2.035385131835937
75334,4.461050033569336
75399,3.782132863998413
75496,3.5837337970733643
75565,5.8375349044799805
75625,5.976017951965332
75708,4.704109191894531
75862,2.975783586502075
75883,5.147266387939453
75888,4.619499683380127
75900,2.6389927864074707
75946,2.76920747756958
75947,2.950894832611084
75997,3.959265947341919
76061,2.735388994216919
76157,3.481161594390869
76224,5.46788501739502
76281,5.238961696624756
76345,4.784287452697754
76346,5.003139019012451
76386,4.081424713134766
76404,5.096461772918701
76453,3.4494690895080566
76504,5.160549640655518
76539,1.644296169281006
76568,5.106304168701172
76688,4.77963924407959
76696,5.437868118286133
76698,3.296038627624512
76736,5.945183753967285
76835,5.049044132232666
77048,5.108420372009277
77061,4.598588466644287
77133,2.247633218765259
77297,4.719395637512207
77341,2.9635701179504395
77355,4.776578426361084
77664,4.7020111083984375
77702,4.107557773590088
77718,4.403713226318359
77746,3.3859684467315674
77806,4.858935356140137
77925,5.226052284240723
77940,4.835991382598877
77973,4.294261455535889
77983,0.72272789478302
78002,4.24294376373291
78039,3.6478796005249023
78062,3.811955451965332
78128,2.607313394546509
78148,5.0684099197387695
78290,5.138375759124756
78298,4.179148197174072
78403,5.755489349365234
78455,3.6861472129821777
78548,4.716901302337647
78552,4.652442455291748
78558,4.712850570678711
78575,5.223872661590576
78600,4.4751877784729
78641,4.294339656829834
78697,3.5184035301208496
78736,4.945873737335205
78793,4.964701175689697
78856,3.399275302886963
78925,4.0124287605285645
78968,4.879782676696777
79088,3.51663875579834
79104,4.285090446472168
79119,4.975125312805176
79161,4.97042989730835
79218,3.820271015167236
79231,4.601264953613281
79256,4.876022338867188
79287,4.985992908477783
79305,4.678173065185547
79311,5.022225379943848
79312,5.167814254760742
79341,4.111077785491943
79370,5.068093299865723
79379,5.66574764251709
79681,4.505128860473633
79697,5.868602752685547
79718,4.2454752922058105
79850,4.982187747955322
79872,4.712177753448486
79888,5.25767183303833
79929,4.421523094177246
79973,5.856586933135986
80092,3.980047702789306
80177,4.870819568634033
80178,5.13470983505249
80223,3.856665849685669
80282,1.8659417629241943
80320,5.433985233306885
80343,3.792225599288941
80353,3.823862791061402
80359,5.121050834655762
80418,3.0645956993103027
80440,5.558765411376953
80471,4.19576358795166
80509,5.172248840332031
80575,5.188471794128418
80590,2.996701717376709
80666,5.151442527770996
80672,5.004560470581055
80848,4.8551530838012695
80889,5.079087734222412
80933,5.280951976776123
80985,2.997039794921875
80991,0.8898016214370728
81004,2.944818019866944
81015,4.88432502746582
81028,1.3280290365219116
81062,5.319626331329346
81149,4.934451103210449
81187,2.782031536102295
81252,3.954788446426392
81387,4.624682903289795
81441,2.4132800102233887
81459,5.363094329833984
81495,4.373685836791992
81543,4.098604679107666
81547,5.050131797790527
81680,3.55291748046875
81719,5.247419834136963
81725,5.149301052093506
81763,4.267702579498291
81766,3.922105073928833
81818,4.794641971588135
81863,2.9728190898895264
81965,5.231372356414795
81997,4.155913829803467
81998,5.57440710067749
82005,5.234310626983643
82019,4.121062278747559
82028,4.607610702514648
82087,3.855258226394653
82234,5.160638809204102
82271,2.4548563957214355
82313,2.492940902709961
82377,5.024317264556885
82506,5.155214786529541
82554,3.424077033996582
82562,4.872041702270508
82601,4.801856994628906
82772,5.226314544677734
82776,4.937632083892822
82842,4.578812599182129
82843,4.817229270935059
82915,4.863834857940674
83039,5.111846446990967
83043,5.203592777252197
83104,5.281711101531982
83224,4.824474811553955
83277,5.3193206787109375
83312,4.016819000244141
83370,4.853745460510254
83375,2.5077366828918457
83469,5.275346755981445
83507,5.761626720428467
83524,4.100153923034668
83590,4.769177913665772
83605,5.538222312927246
83623,4.874974727630615
83624,1.055075764656067
83678,5.862350940704346
83697,3.61395263671875
83752,4.91456413269043
83820,2.63816237449646
83836,5.012172698974609
83901,5.875239372253418
83984,5.261743545532227
84049,4.301812648773193
84070,5.570253849029541
84073,4.828735828399658
84107,0.5818918943405151
84156,3.976851224899292
84271,4.445304870605469
84290,4.953757286071777
84303,4.865132808685303
84396,0.2275287508964538
84442,4.562346935272217
84466,1.7309565544128418
84721,3.4249932765960693
84725,2.9897267818450928
84777,4.57209062576294
84810,5.260622501373291
84811,4.7286376953125
84815,4.811594486236572
84892,5.346970081329346
84958,4.99569845199585
85010,4.832095146179199
85038,6.687329292297363
85102,4.226475238800049
85103,2.811176061630249
85113,2.914818525314331
85179,4.66687536239624
85208,2.735095500946045
85277,5.03046464920044
85287,1.2741634845733645
85431,6.027933120727539
85445,5.087152004241943
85498,3.5952019691467285
85555,5.776373863220215
85571,3.925483465194702
85584,0.9190824627876282
85594,5.039551258087158
85633,3.870339870452881
85663,0.6519743204116821
85666,5.529201030731201
85680,1.3316030502319336
85694,4.282385349273682
85898,5.246905326843262
85920,1.780806541442871
86051,5.4323554039001465
86139,4.25042724609375
86173,3.889212131500244
86175,2.927075862884521
86180,4.683934211730957
86304,5.141770839691162
86381,3.0457210540771484
86406,4.150999069213867
86429,4.14195728302002
86431,5.208196640014648
86472,4.093379020690918
86619,4.303798198699951
86639,3.563694953918457
86705,3.8261561393737793
86735,4.644816875457764
86812,5.294959545135498
86814,3.1659951210021973
86850,4.855121612548828
86926,5.756258487701416
86927,5.058601379394531
86929,5.448493003845215
86930,4.8491530418396
86949,5.506188869476318
86965,4.652027606964111
86971,5.24264669418335
87073,5.202004909515381
87237,5.418951511383057
87246,4.684288024902344
87424,4.898412704467773
87466,2.115326404571533
87478,4.4010515213012695
87571,4.707785606384277
87584,5.852128982543945
87617,5.327381610870361
87689,5.0248637199401855
87710,2.6254067420959477
87711,5.476348876953125
87731,5.607173442840576
87741,5.355445384979248
87777,5.117568016052246
87788,4.4540557861328125
87828,4.744032859802246
87865,4.898286819458008
87980,5.579502582550049
88016,4.7574992179870605
88038,5.204712390899658
88078,4.666420936584473
88135,4.165060520172119
88141,1.7042231559753418
88169,4.790995121002197
88187,4.994297027587891
88235,3.2088427543640137
88320,4.124363422393799
88321,1.0148522853851318
88326,5.4749250411987305
88364,4.665970802307129
88399,3.33668851852417
88428,1.632522702217102
88436,5.001709938049316
88502,5.790590286254883
88526,5.734979152679443
88752,5.077914237976074
88822,5.011175155639648
88829,3.651133060455322
88870,5.585723876953125
88882,4.851570129394531
88898,4.757484436035156
89040,1.907958030700684
89074,5.414188385009766
89147,4.559102535247803
89186,3.452096939086914
89191,5.982136249542236
89204,1.4732203483581543
89271,4.673412799835205
89389,2.3412160873413086
89420,4.5315141677856445
89576,4.24007511138916
89597,4.133500576019287
89629,6.148617267608643
89644,1.2018049955368042
89668,4.267460346221924
89739,4.5431976318359375
89750,5.001749515533447
89752,5.327103614807129
89877,4.52805233001709
89941,4.266811847686768
89991,4.937399864196777
90024,5.517991542816162
90157,5.060918807983398
90179,4.5195631980896
90219,4.700413703918457
90379,4.858267307281494
90422,4.389971733093262
90436,4.543832778930664
90451,5.079401016235352
90502,4.112949848175049
90510,5.725468158721924
90604,4.196913719177246
90627,1.5229675769805908
90640,3.7016563415527344
90656,5.614019870758057
90666,3.564680337905884
90749,4.430428504943848
90751,5.118945598602295
90755,5.097942352294922
90903,5.096970081329346
90960,4.859920978546143
90983,2.462223529815674
90998,4.902572154998779
91132,4.839948654174805
91394,4.134929180145264
91448,4.841824054718018
91484,3.947068452835083
91522,4.724351406097412
91555,4.8286967277526855
91585,5.0228376388549805
91652,5.07607364654541
91696,4.841133117675781
91710,4.153091907501221
91779,4.719981670379639
91786,0.8394275903701782
91855,3.1338696479797363
91884,4.025489807128906
91979,4.933302879333496
92009,0.6836966276168823
92014,5.593137264251709
92031,4.794289588928223
92041,4.754340648651123
92103,5.676219463348389
92161,4.824251651763916
92173,5.122959613800049
92226,4.90856409072876
92277,3.940851449966431
92301,5.20700740814209
92335,5.318609237670898
92366,5.167463779449463
92439,4.129027366638184
92442,5.03921365737915
92571,5.106442928314209
92633,4.680878162384033
92640,4.991715431213379
92652,4.949512958526611
92663,5.753727912902832
92688,4.730834007263184
92859,2.961181402206421
92896,3.8333725929260254
92922,3.9069862365722656
92959,5.096452713012695
93075,5.120645523071289
93112,5.315369606018066
93151,5.180352210998535
93237,4.687476634979248
93274,4.139220237731934
93280,5.228398323059082
93298,3.88457703590393
93336,4.007028102874756
93337,5.268393516540527
93375,2.850008487701416
93410,5.277955532073975
93478,4.974332809448242
93483,5.326075553894043
93642,3.892739772796631
93645,4.324394702911377
93857,3.785882472991944
93883,5.177145957946777
93895,3.6341495513916016
93912,2.396756172180176
93961,4.882606983184815
93991,1.131016492843628
94029,4.498119831085205
94101,5.180589199066162
94109,1.867610216140747
94353,4.342455863952637
94399,2.9509201049804688
94410,4.409910202026367
94446,4.879458904266357
94460,4.9250311851501465
94507,4.1293768882751465
94521,4.720768928527832
94617,5.256142616271973
94678,5.331038475036621
94726,3.22184419631958
94741,6.463881969451904
94762,2.7517874240875244
94803,5.8275227546691895
94810,4.658320426940918
94826,3.8879241943359375
94885,3.286720037460327
94987,3.7664520740509033
95048,4.94642972946167
95063,4.515882015228272
95083,3.70460844039917
95085,5.14813232421875
95110,4.057220458984375
95246,5.25742244720459
95297,4.766540050506592
95311,5.312012672424316
95312,5.655740737915039
95372,5.030036926269531
95373,5.008799076080322
95428,4.05129861831665
95447,5.665063858032227
95504,5.093914031982422
95606,5.83709716796875
95656,4.707167148590088
95662,3.7569222450256343
95665,5.004464626312256
95670,4.28684139251709
95711,5.527947902679443
95720,3.821964025497437
95757,3.898362874984741
95785,4.385429382324219
95859,3.4900081157684326
95945,5.821670055389404
95969,3.194966077804565
96011,4.9202094078063965
96018,4.273387432098389
96108,2.0985493659973145
96171,3.9971024990081783
96191,2.84365463256836
96214,3.307344436645508
96259,5.199728488922119
96269,4.361951351165772
96298,3.732511043548584
96366,3.1374857425689697
96386,4.317527294158936
96526,3.7534310817718506
96569,4.416943550109863
96572,2.8848557472229004
96598,4.577388763427734
96673,5.113548755645752
96683,0.8516528606414795
96737,5.2920241355896
96765,5.131119728088379
96788,4.790608882904053
96835,5.652673721313477
96951,3.0856356620788574
96981,5.854793548583984
96985,4.1306233406066895
97196,3.76769495010376
97212,4.728001117706299
97295,5.243331909179688
97359,3.504414319992065
97400,4.092954635620117
97415,4.326821804046631
97426,3.7422354221344
97472,4.79604959487915
97578,4.512702941894531
97591,3.835135936737061
97599,3.680116415023804
97636,4.594745635986328
97697,4.813549041748047
97714,4.698265552520752
97730,5.368319988250732
97771,5.817292213439941
97822,4.522636890411377
97984,5.376899719238281
98005,3.695366621017456
98038,5.25860595703125
98047,4.3771071434021
98052,5.69169807434082
98099,4.525040149688721
98133,6.341480255126953
98205,3.6828572750091553
98318,4.155956745147705
98329,4.799943923950195
98398,4.83632755279541
98428,4.8043365478515625
98521,5.191366672515869
98529,4.142309665679932
98693,3.7837185859680176
98758,5.278656482696533
98769,5.696119785308838
98776,3.598561763763428
98810,4.5183844566345215
98922,5.257586479187012
98971,5.1014580726623535
98972,4.613047122955322
98977,4.661905765533447
99047,5.025637626647949
99073,2.9447593688964844
99109,4.846127510070801
99160,4.9700927734375
99189,3.753322124481201
99384,3.761306762695313
99438,5.057190895080566
99602,5.139710426330566
99616,3.250349998474121
99620,5.279187679290772
99652,3.962648391723633
99684,2.6988418102264404
99722,5.3822455406188965
99743,4.484969615936279
99770,4.675572395324707
99902,4.241729736328125
99975,4.805210113525391
100024,3.605844497680664
100037,4.413553237915039
100114,2.7236242294311523
100119,5.045978546142578
100124,3.845041036605835
100128,4.948636531829834
100224,1.2845746278762815
100228,5.209366321563721
100242,2.1214442253112797
100288,5.411688327789307
100773,2.8986260890960693
100815,5.319955348968506
100843,3.623027086257935
100910,5.518442630767822
100946,1.6399577856063845
100978,5.2174458503723145
101043,5.393691062927246
101129,2.308056116104126
101252,3.335058689117432
101496,5.093050003051758
101504,5.689590930938721
101533,4.658762454986572
101564,4.494943618774414
101567,1.376782774925232
101590,4.8722991943359375
101630,5.0993170738220215
101652,1.3541545867919922
101737,4.330789089202881
101769,4.839602470397949
101792,4.331982612609863
101816,4.151911735534668
101995,4.489538192749023
102033,4.781629085540772
102054,4.506200313568115
102119,5.039196968078613
102226,3.442847490310669
102307,5.037611961364746
102343,4.418985843658447
102348,3.1065268516540527
102350,1.6225669384002686
102375,4.388869762420654
102496,4.597678661346436
102528,4.96141529083252
102608,5.126489162445068
102707,0.9220899939537048
102827,2.2738094329833984
103011,4.588285446166992
103154,2.133655309677124
103159,4.182768821716309
103291,4.604015350341797
103316,5.049986362457275
103337,2.7446484565734863
103412,4.134737014770508
103500,4.838649272918701
103523,3.917838096618652
103537,5.968361854553223
103616,5.0469512939453125
103693,4.325714111328125
103701,4.831959247589111
103845,4.816689014434815
103852,5.5615410804748535
103872,3.941428184509277
103878,4.220423698425293
103890,2.556623935699463
103922,5.534073829650879
104017,1.4022409915924072
104057,5.023627281188965
104094,5.269791126251221
104134,5.688007831573486
104140,5.378204822540283
104148,5.591891765594482
104201,4.998389720916748
104225,3.2098793983459477
104262,3.4246983528137207
104289,3.843545436859131
104323,4.791654586791992
104419,3.6203577518463135
104448,1.900426983833313
104494,4.604353427886963
104600,4.826189041137695
104670,5.5746026039123535
104678,3.08426570892334
104716,4.807854652404785
104786,4.855405807495117
104875,4.790502548217773
104963,3.5495166778564453
104973,2.170393943786621
105009,4.687140464782715
105015,1.1401762962341309
105059,5.384137153625488
105181,1.7378480434417725
105208,3.85383415222168
105224,3.7183473110198975
105267,5.146629333496094
105336,4.462817192077637
105406,4.505947113037109
105470,5.187668323516846
105479,4.632691860198975
105526,3.6480326652526855
105559,4.831453800201416
105573,2.8257803916931152
105644,3.9306507110595694
105658,4.903636932373047
105759,5.138038635253906
105816,4.764941215515137
105934,2.921372413635254
105937,4.400845527648926
106075,4.112532615661621
106122,4.2538371086120605
106130,3.700426816940308
106171,4.084366798400879
106180,3.220348358154297
106210,5.421037197113037
106228,5.539926052093506
106241,4.693711280822754
106260,4.903275012969971
106261,4.677330017089844
106290,5.5630292892456055
106303,2.1430044174194336
106350,5.000720024108887
106511,2.33974552154541
106582,2.1292006969451904
106769,5.009051322937012
106805,4.335803031921387
106835,5.700847625732422
106853,4.357796669006348
106868,3.953058958053589
106898,4.974344730377197
106969,4.121207237243652
106994,1.7589902877807615
107066,6.131219387054443
107111,4.873821258544922
107202,4.838571548461914
107241,4.411110877990723
107257,5.715550899505615
107293,5.034358978271484
107304,2.630691766738892
107329,5.178314208984375
107424,4.054553031921387
107425,5.6747236251831055
107442,5.775485038757324
107561,4.051732540130615
107577,4.0086989402771
107610,5.496426582336426
107691,1.3878912925720217
107702,3.8467044830322266
107706,4.980601787567139
107731,5.266147136688232
107747,5.061798572540283
107787,4.688065528869629
107792,5.396652698516846
107835,3.7838287353515625
107858,4.572811603546143
107873,4.414642810821533
108008,4.68353271484375
108046,3.648750305175781
108075,5.278385162353516
108105,5.041092872619629
108106,2.643333911895752
108112,3.5115883350372314
108116,4.391170978546143
108127,4.801029205322266
108173,5.286134243011475
108236,0.6380119323730469
108241,5.014199256896973
108266,5.289970397949219
108285,6.462161064147949
108335,5.078927516937256
108410,3.882438898086548
108462,5.037020683288574
108468,5.596546173095703
108511,4.764971733093262
108518,4.5458984375
108565,4.9073357582092285
108575,5.828211784362793
108748,3.96090030670166
108762,4.373459815979004
108905,5.433382511138916
108934,5.539063453674316
109080,5.4970383644104
109113,4.455627918243408
109241,4.565731525421143
109283,4.884577751159668
109365,4.164992809295654
109525,4.671662330627441
109539,2.5952553749084477
109583,5.126866340637207
109617,4.718500137329102
109806,5.049178600311279
109836,2.7703914642333984
109860,4.803125858306885
109895,5.833616256713867
109947,1.139081358909607
109989,4.170873641967773
110049,5.110146999359131
110140,5.223124980926514
110166,4.9755167961120605
110287,1.439293622970581
110292,4.106425762176514
110322,4.190768241882324
110342,5.167244911193848
110407,3.615286350250244
110413,5.194971561431885
110419,4.810929775238037
110494,5.256341934204102
110521,5.048435688018799
110601,5.204105377197266
110639,4.810361385345459
110647,4.748895645141602
110662,3.6144847869873047
110702,3.033017158508301
110708,3.550851821899414
110714,4.79202938079834
110737,3.2464938163757324
110750,2.8919851779937744
110793,5.137728691101074
110829,5.237541198730469
110899,4.655097484588623
110972,5.054562091827393
110986,5.808948993682861
111015,4.684727668762207
111069,2.745577812194824
111127,5.182352066040039
111239,3.2719955444335938
111276,5.077518939971924
111299,5.147813320159912
111303,5.447481632232666
111353,4.8705244064331055
111379,2.9337193965911865
111536,4.495127201080322
111555,5.216091156005859
111657,3.956779003143311
111687,3.94145941734314
111693,4.721662521362305
111703,4.772648811340332
111736,4.205913066864014
111753,3.8868119716644287
111761,3.9712634086608887
111766,4.594237327575684
111806,4.462104797363281
111815,4.920951843261719
111847,5.208721160888672
111940,4.69978141784668
111943,4.743036270141602
111972,0.0330561399459838
111989,5.310291290283203
112014,5.061496734619141
112043,4.599348545074463
112088,4.47183084487915
112220,2.665548086166382
112228,2.792337417602539
112437,4.900430202484131
112484,4.431268692016602
112714,3.492110013961792
112719,5.577503204345703
112908,5.092783451080322
112939,3.844633102416992
112957,4.517904281616211
112987,4.734277725219727
113071,4.343254089355469
113126,5.475688934326172
113274,5.441369533538818
113312,4.629337310791016
113333,3.616581678390503
113360,4.876763820648193
113504,5.283773422241211
113527,5.727617740631104
113622,3.686253786087036
113737,2.427299976348877
113758,4.165102481842041
113877,5.32384729385376
113913,4.097285270690918
114026,5.2881693840026855
114067,5.182910442352295
114114,5.292060852050781
114162,5.1921892166137695
114200,5.138751983642578
114207,3.6470985412597656
114227,4.872823715209961
114397,4.83918046951294
114422,1.5901695489883425
114439,5.349874496459961
114445,4.493706226348877
114459,5.108236789703369
114502,5.196309566497803
114532,4.484832763671875
114584,4.470383167266846
114589,2.5907390117645264
114591,3.2556281089782715
114629,5.944886684417725
114641,4.446867942810059
114655,5.617278575897217
114814,6.071179389953613
114959,3.985278844833374
115010,4.563117980957031
115025,4.530926704406738
115098,4.5957746505737305
115203,4.960687160491943
115292,4.640192031860352
115307,5.004136562347412
115331,5.304895401000977
115396,4.981454849243164
115397,5.076937198638916
115473,4.906623840332031
115490,3.1482784748077397
115580,5.703072547912598
115651,5.229237079620361
115661,5.007456302642822
115696,3.7435495853424072
115727,3.5913963317871094
115926,5.465067386627197
115961,3.950959444046021
115976,1.6904250383377075
116016,4.647642135620117
116253,2.213237762451172
116255,5.738053321838379
116257,4.797633647918701
116261,1.2654733657836914
116360,4.590018272399902
116371,3.509065866470337
116387,5.088563442230225
116451,5.262106895446777
116466,4.969026565551758
116528,2.7055766582489014
116531,4.924507141113281
116578,4.397480010986328
116627,4.958618640899658
116646,5.809040069580078
116783,5.13581657409668
116797,5.833996772766113
116847,4.888987064361572
116881,5.225980758666992
116904,4.905601501464844
116953,4.455747127532959
116975,4.815199375152588
117059,4.854986190795898
117068,4.946159839630127
117124,5.344763278961182
117209,1.6864376068115234
117470,4.221944808959961
117484,5.1706862449646
117525,4.578494548797607
117650,3.9331088066101074
117678,5.682415008544922
117684,4.644266128540039
117718,5.237260341644287
117721,3.043940544128418
117821,5.542935371398926
117904,4.001418113708496
117930,5.150726795196533
117954,4.97266149520874
117990,4.056311130523682
117993,5.15263032913208
118014,4.615797519683838
118018,4.177457809448242
118020,4.127764701843262
118128,1.701735019683838
118168,5.527742862701416
118276,5.329647541046143
118336,5.412444591522217
118351,4.325753211975098
118396,5.098759651184082
118430,5.693212032318115
118554,3.9796841144561768
118590,4.992041110992432
118601,5.190250873565674
118651,4.7559003829956055
118680,4.934046268463135
118688,3.691162109375
118749,4.893823623657227
118760,4.0178704261779785
118850,5.550719738006592
118939,4.6866607666015625
118945,4.362364768981934
118955,5.757848739624023
119011,1.0524652004241943
119033,1.9264771938323972
119065,4.066627025604248
119070,2.5703866481781006
119116,5.0684123039245605
119148,4.681921005249023
119154,2.270876884460449
119171,1.4127991199493408
119208,2.780405044555664
119220,5.081534385681152
119314,1.2128839492797852
119332,5.173024654388428
119356,5.050597190856934
119462,5.076800346374512
119576,4.654810428619385
119612,5.465433597564697
119616,4.899803161621094
119653,3.6710731983184814
119681,5.894431591033936
119713,4.990578651428223
119796,2.754515647888184
119808,4.131693363189697
119817,5.364315509796143
119870,3.788971900939941
119924,4.828796863555908
119961,6.0976762771606445
120031,3.9385714530944815
120128,5.121096611022949
120239,0.5623985528945923
120245,5.141436576843262
120254,4.919267177581787
120286,4.669480800628662
120361,5.310322284698486
120460,5.335251808166504
120486,4.915656089782715
120498,5.144880294799805
120527,5.143365859985352
120554,2.15588641166687
120611,4.675822734832764
120640,5.257864952087402
120759,4.965246677398682
120839,5.113669872283936
120974,3.665073394775391
120989,5.157909870147705
121008,5.414916515350342
121155,5.029768466949463
121233,4.78169059753418
121289,4.980083465576172
121334,4.156858921051025
121480,2.972721815109253
121550,5.545232772827148
121559,5.0771660804748535
121560,1.542098045349121
121636,5.113150119781494
121642,4.554204940795898
121666,5.226098537445068
121745,3.0145983695983887
121756,3.287275552749634
121811,4.915714263916016
121830,4.304131507873535
121852,1.0615971088409424
121885,5.144498348236084
121932,4.8231706619262695
121960,2.068157911300659
122048,4.953651428222656
122098,5.128187656402588
122186,3.465406656265259
122222,3.0183162689208984
122280,5.051245212554932
122316,2.836409091949463
122410,3.6641721725463863
122432,4.829360961914063
122450,4.683585166931152
122554,4.946287631988525
122592,2.1734447479248047
122637,3.333868980407715
122738,4.806965827941895
122749,4.807408809661865
122841,5.289377212524414
122862,5.34308385848999
122998,4.357110023498535
123028,4.232079029083252
123081,4.889124870300293
123132,4.040484428405762
123193,4.963564872741699
123217,5.647304534912109
123262,2.591474294662476
123330,4.943090438842773
123415,0.674071192741394
123533,3.4171698093414307
123570,4.074451446533203
123644,2.290522336959839
123658,5.101125240325928
123673,5.214189052581787
123725,4.929131507873535
123726,4.379589557647705
123911,5.221581935882568
123915,4.099364280700684
123961,3.7423095703125
123975,4.825834274291992
124011,5.745396614074707
124081,5.199974536895752
124104,4.994392395019531
124146,4.671672344207764
124152,4.252955436706543
124290,3.9090943336486816
124303,4.818943977355957
124313,4.016151428222656
124362,3.620511293411255
124434,4.982629776000977
124464,4.551062107086182
124491,5.563141822814941
124517,4.766650676727295
124631,4.894753456115723
124640,5.072853088378906
124688,3.867614269256592
124712,4.955465316772461
124733,4.335681915283203
124776,1.0985498428344729
124851,6.04743242263794
124878,4.917662620544434
124910,4.657003402709961
124911,5.141329765319824
124935,4.653210639953613
124945,3.2769675254821777
125042,3.4694058895111084
125109,5.432698249816895
125116,3.301986694335937
125122,4.910673141479492
125156,5.309934139251709
125222,4.771661758422852
125236,4.4927167892456055
125253,1.6998107433319092
125254,4.826387405395508
125375,5.619870185852051
125465,3.286007642745972
125509,5.47167444229126
125542,5.429587364196777
125603,4.92582893371582
125634,4.270077228546143
125657,3.1251511573791504
125660,5.31473970413208
125670,3.2103309631347656
125762,5.325514316558838
125806,4.541065216064453
125845,5.441507816314697
125866,3.962728261947632
125874,4.750030517578125
125993,4.657328605651856
126056,1.7134449481964111
126071,5.054043292999268
126108,4.7855634689331055
126137,3.9143455028533936
126145,1.128929853439331
126251,5.067958831787109
126424,2.600666046142578
126473,4.619010925292969
126476,5.082889080047607
126553,4.680370330810547
126662,2.9094183444976807
126718,2.811903476715088
126733,4.910750865936279
126794,5.339877605438232
126858,5.717994213104248
126923,1.004601240158081
126986,4.309675216674805
127001,5.221424102783203
127031,4.726449966430664
127054,4.725236892700195
127147,5.146866321563721
127303,2.357741117477417
127426,5.56200122833252
127440,5.7582316398620605
127547,5.009418487548828
127562,5.297348976135254
127588,4.368099212646484
127631,4.4453864097595215
127705,4.732593059539795
127713,2.5320756435394287
127724,4.668581962585449
127836,4.891543865203857
127843,3.0646047592163086
127864,4.713663101196289
127941,5.2118096351623535
127996,4.732157230377197
128008,5.346773624420166
128009,3.0273263454437256
128011,0.761849045753479
128026,5.430710792541504
128124,4.932428359985352
128126,1.2561627626419067
128150,5.622745990753174
128269,4.77949333190918
128354,4.718120574951172
128397,3.381802558898926
128413,4.316486358642578
128428,0.6921768188476562
128493,1.7150366306304932
128533,5.35584020614624
128579,4.151088714599609
128619,4.715482234954834
128635,4.963392734527588
128650,3.976791858673096
128718,3.794264793395996
128743,5.263255596160889
128795,4.588613510131836
128810,4.628403186798096
128848,4.461976051330566
128894,2.996123075485229
128900,3.4480252265930176
128903,4.8986334800720215
129194,5.03489351272583
129225,5.117419719696045
129316,4.841986179351807
129350,5.278986930847168
129550,4.852758884429932
129613,4.032348155975342
129651,4.374332427978516
129661,2.9171266555786133
129709,4.801498889923096
129719,5.120429039001465
129759,2.956425189971924
129805,3.3390321731567383
129868,4.643054962158203
129960,5.342822074890137
130002,4.994919776916504
130025,5.596302509307861
130116,2.7558743953704834
130162,5.195024967193604
130188,2.917578220367432
130222,4.996298789978027
130241,4.884058475494385
130268,5.608406066894531
130269,3.877314567565918
130333,3.800430059432984
130356,5.177268505096436
130405,5.143824100494385
130420,4.983362197875977
130465,4.750388145446777
130468,5.081640720367432
130507,5.579115867614746
130555,1.095921277999878
130588,5.245999813079834
130690,5.267421245574951
130719,4.770352363586426
130727,4.024645805358887
130744,4.489625930786133
130759,4.841986656188965
130856,4.8172221183776855
130867,4.905133247375488
130964,5.050281524658203
131047,3.8102059364318848
131086,4.39539909362793
131258,5.5894927978515625
131269,4.4107184410095215
131332,4.350142002105713
131358,5.248025894165039
131378,3.826180458068848
131392,5.528602600097656
131424,5.038170337677002
131579,4.909640312194824
131661,4.113287448883057
131735,5.430702686309815
131787,4.264383792877197
131812,5.149751663208008
131832,4.497306823730469
131942,3.428013324737549
132009,4.09984827041626
132043,3.5480875968933105
132192,1.6984052658081057
132288,5.2682952880859375
132325,3.0987563133239746
132375,0.1100387573242187
132514,4.875601768493652
132519,3.885354518890381
132543,4.374415874481201
132574,2.9449377059936523
132666,3.780435800552368
132724,4.614587783813477
132809,4.487247943878174
132822,4.981257915496826
132869,4.879012584686279
132882,4.987096786499023
132933,3.589960813522339
132952,4.604928493499756
132959,4.8979010581970215
133079,1.0969460010528564
133125,5.100093841552734
133177,4.873515129089356
133257,5.917288780212402
133280,4.429033279418945
133340,4.823021411895752
133453,5.348647117614746
133458,5.1919660568237305
133499,5.111536979675293
133554,4.838607311248779
133996,5.042996406555176
134062,5.108089447021484
134071,5.524969577789307
134096,3.1126153469085693
134136,5.484478950500488
134181,5.267830848693848
134200,3.4950876235961914
134389,4.671459674835205
134510,4.271597862243652
134554,4.908278942108154
134721,5.320754528045654
134816,4.740830421447754
134971,2.014324903488159
135021,3.138378143310547
135049,4.6128830909729
135062,4.685779094696045
135116,4.941355228424072
135204,5.018425941467285
135234,4.090598583221436
135238,2.3166823387146
135262,3.417221069335937
135265,3.032975196838379
135284,3.035480737686157
135299,4.085082054138184
135371,2.2114346027374268
135414,0.2764034867286682
135446,5.050662040710449
135483,5.064126491546631
135535,4.315369606018066
135628,1.9030100107192995
135680,4.802392482757568
135703,4.036915302276611
136068,3.810596466064453
136091,4.6444830894470215
136132,4.253308296203613
136135,4.66264533996582
136137,1.271410346031189
136176,0.6340252757072449
136188,0.9971954822540284
136203,5.274198532104492
136229,4.669407367706299
136241,3.900390148162842
136299,4.597103118896484
136301,3.736008405685425
136315,3.910937786102295
136332,3.5375843048095703
136414,0.816799521446228
136468,5.193082332611084
136504,5.300333023071289
136505,5.42985725402832
136539,4.761436462402344
136572,3.952435255050659
136580,2.875708103179932
136638,5.028992652893066
136653,6.105149269104004
136670,5.424880504608154
136736,5.523433685302734
136782,4.882522106170654
136971,5.217353343963623
136978,5.518263816833496
137003,5.265524387359619
137046,5.39886999130249
137133,5.21445894241333
137342,5.370214462280273
137401,4.9771270751953125
137469,5.437750339508057
137503,5.189868450164795
137551,4.094812870025635
137597,5.13527250289917
137700,5.842009544372559
137802,4.877884387969971
137812,5.628284931182861
137945,5.007914066314697
138042,3.762035846710205
138125,5.031435489654541
138196,0.6947317123413086
138209,3.814085721969605
138281,5.961087703704834
138296,5.090723991394043
138406,4.032278060913086
138412,4.807931423187256
138482,5.169914245605469
138493,3.817403793334961
138539,5.21445369720459
138581,4.525197982788086
138722,3.315203189849853
138731,2.05764102935791
138780,5.902884006500244
138785,4.791061878204346
138786,4.549851417541504
138787,5.454999923706055
138848,1.28550922870636
138902,4.717582702636719
138941,3.89127254486084
139078,5.573735237121582
139126,5.531954765319824
139142,4.518740177154541
139162,1.196692705154419
139221,3.8069944381713863
139248,5.326277256011963
139273,0.9795145988464355
139332,4.079939842224121
139390,4.84671688079834
139411,4.543229579925537
139450,6.022565841674805
139463,3.6234421730041504
139492,4.345910549163818
139604,1.0985044240951538
139634,4.1230974197387695
139662,4.971592426300049
139701,4.000890254974365
139721,3.921693801879883
139777,4.803188323974609
139835,3.71837329864502
139868,4.081640243530273
139871,4.834353923797607
139877,5.148366451263428
139898,4.943332195281982
139932,3.7544608116149902
139959,3.7588953971862793
139984,1.830212116241455
139986,5.872466564178467
139992,3.772696018218994
140034,5.178613185882568
140181,3.057147026062012
140356,3.92643928527832
140374,4.84555196762085
140406,5.40008544921875
140442,1.282125473022461
140447,4.582151412963867
140537,3.3776369094848637
140626,5.051430702209473
140731,3.371014356613159
140807,5.483221530914307
140827,1.3490819931030271
140851,2.8190841674804688
140870,3.6535258293151855
140888,4.512341499328613
140903,5.416194915771484
141023,5.107590198516846
141101,3.264038562774658
141115,5.69618034362793
141265,4.621913433074951
141273,4.355946063995361
141379,4.370233058929443
141463,3.067246437072754
141477,1.0919870138168335
141515,5.243756294250488
141579,4.899317264556885
141630,3.717634677886963
141637,5.397884368896484
141644,4.819433212280273
141662,1.9857218265533447
141738,3.2691774368286133
141820,4.846007823944092
141862,3.9674243927001953
141906,5.4976806640625
141929,3.813232660293579
142000,4.465090274810791
142003,3.960397720336914
142019,4.715538501739502
142027,3.824496269226074
142046,2.8838062286376958
142071,2.842925548553467
142142,4.941263198852539
142156,5.153538227081299
142369,5.556911945343018
142379,4.120728969573975
142583,4.749950408935547
142586,4.825974941253662
142637,5.488276958465576
142656,5.215213298797607
142669,5.115649223327637
142689,5.269668102264404
142775,5.004574298858643
142786,3.348681688308716
142788,4.074723720550537
142805,1.1287109851837158
142822,4.932609081268311
142831,5.145819664001465
142880,1.810086727142334
142945,4.497742652893066
142968,4.442662239074707
143007,4.954361915588379
143022,4.917561531066895
143306,5.177292823791504
143339,4.160737037658691
143392,4.720195293426514
143419,5.413850784301758
143429,6.087290287017822
143466,4.884671211242676
143502,4.662637710571289
143524,3.526007652282715
143570,5.315047740936279
143590,4.31510066986084
143640,2.8297722339630127
143641,4.155329704284668
143667,4.177245140075684
143726,4.62550163269043
143727,4.996681213378906
143737,5.021611213684082
143762,4.0335774421691895
143869,4.108572959899902
144025,5.689839839935303
144068,5.39643669128418
144146,4.130181312561035
144160,5.260124206542969
144166,3.449800968170166
144294,5.144171714782715
144346,5.396971702575684
144376,5.131571769714356
144382,5.501763343811035
144383,4.445032119750977
144482,4.83412504196167
144485,5.277472972869873
144549,2.583270072937012
144576,0.609711766242981
144607,4.768394470214844
144620,5.105531692504883
144672,3.046639204025269
144682,4.654807090759277
144685,5.036078929901123
144741,5.186379432678223
144761,3.974817991256714
144767,3.766290426254273
144768,5.498861312866211
144840,4.856489658355713
144898,3.7223691940307617
144903,3.261622190475464
144965,4.675339698791504
144970,5.015950679779053
145023,3.687680244445801
145025,3.964712381362915
145252,4.965150356292725
145318,5.825263977050781
145381,4.6655988693237305
145491,3.739915609359741
145568,0.6825437545776367
145605,5.170711040496826
145663,4.449719429016113
145710,5.401133060455322
145748,5.16534423828125
146011,2.5460541248321533
146016,3.811944723129273
146030,4.776599884033203
146136,5.290430068969727
146184,3.1779942512512207
146197,5.429427623748779
146239,5.034221172332764
146284,4.830232620239258
146292,5.467974662780762
146329,4.15192985534668
146487,5.027935028076172
146496,5.049282550811768
146515,4.728752613067627
146523,4.86310625076294
146543,2.886427402496338
146550,3.876832008361816
146691,5.921464443206787
146702,4.723067760467529
146836,2.203117609024048
146885,6.562117576599121
146969,5.505375385284424
147020,5.026715278625488
147283,4.403069496154785
147301,0.1273608207702636
147321,1.8279778957366943
147357,2.221531867980957
147376,4.69862699508667
147383,6.056188583374023
147390,5.2853217124938965
147412,2.312587261199951
147538,0.7255317568778992
147556,4.602258205413818
147587,4.6346354484558105
147601,4.076639652252197
147622,4.131003856658936
147647,1.7531793117523191
147666,4.219438076019287
147782,6.1135735511779785
147837,4.7825703620910645
147960,5.199069976806641
148000,2.668494701385498
148007,4.649275779724121
148030,3.0037407875061035
148126,5.023544788360596
148128,4.472930431365967
148136,4.549376487731934
148178,4.847895622253418
148229,3.724764823913574
148233,5.026834964752197
148259,4.919325828552246
148270,4.510440349578857
148308,5.78143310546875
148340,5.266928672790527
148367,4.891183376312256
148399,4.9097185134887695
148408,2.1722474098205566
148436,5.143972396850586
148451,4.925538063049316
148559,1.0041698217391968
148767,2.0235302448272705
148807,4.001643180847168
148817,5.644100666046143
148855,4.75495195388794
148885,3.938412666320801
148886,3.854496955871582
148888,4.558415412902832
148963,4.029799461364746
148974,5.225719451904297
149155,2.9906344413757324
149168,4.718278408050537
149180,2.7033395767211914
149181,4.058377742767334
149232,5.120741367340088
149353,4.065800666809082
149361,4.995610237121582
149394,4.997399806976318
149417,3.4764461517333984
149418,4.29161548614502
149437,4.566325664520264
149462,2.6339569091796875
149476,4.711767196655273
149486,5.505228996276856
149567,4.491790294647217
149613,5.000382423400879
149622,5.31915807723999
149712,4.303285121917725
149732,4.864155292510986
149846,5.16487979888916
149861,3.783191442489624
149900,4.798249244689941
149984,3.985788345336914
150096,4.3293890953063965
150108,3.3078768253326416
150207,0.9921537637710572
150258,4.116367816925049
150265,3.988157272338867
150311,5.25913143157959
150396,4.878662109375
150427,5.404709339141846
150466,4.933610916137695
150486,4.048991680145264
150601,5.535959243774414
150614,3.262645959854126
150635,3.0233795642852783
150637,1.82766854763031
150641,5.333829402923584
150673,5.29122257232666
150929,3.5500826835632324
151067,3.4782633781433105
151113,4.6929802894592285
151364,3.3075222969055176
151435,3.6923999786376953
151440,4.466003894805908
151492,3.332033395767212
151555,5.322885990142822
151563,2.745307922363281
151595,4.835155963897705
151618,4.121255397796631
151634,5.0810980796813965
151661,5.878617763519287
151703,3.505897283554077
151740,4.962579727172852
151874,3.2854459285736084
151946,4.717949390411377
151990,6.194442272186279
151991,4.522311210632324
151998,5.5930938720703125
152001,4.733119010925293
152007,2.427288293838501
152106,4.583375453948975
152110,3.2489187717437744
152130,4.88092565536499
152149,3.9402689933776855
152159,4.401862144470215
152290,3.9273762702941895
152359,3.1073622703552246
152364,1.1047770977020264
152429,5.046748161315918
152439,5.139288425445557
152444,4.946622371673584
152506,4.817121982574463
152509,2.1980433464050293
152518,4.227864265441895
152547,4.847184658050537
152584,4.793025016784668
152661,5.1546831130981445
152677,4.854041576385498
152741,4.905236721038818
152774,3.276376247406006
152860,5.3956499099731445
152877,4.324100494384766
152905,4.232845783233643
152907,4.762765884399414
153043,5.521632671356201
153055,5.146834373474121
153142,6.025406360626221
153199,3.3702757358551025
153273,5.010652542114258
153287,5.428750038146973
153288,4.650469303131104
153412,4.954617977142334
153502,3.732391357421875
153557,4.097523212432861
153579,5.38918399810791
153652,4.476034164428711
153703,4.168939590454102
153810,4.552060604095459
153827,5.78678560256958
153841,5.3064141273498535
153886,4.96770715713501
153996,5.291568756103516
153998,0.7090685367584229
154245,4.117273807525635
154247,5.460107803344727
154257,5.1839118003845215
154285,4.110548973083496
154369,2.594517469406128
154381,4.689728260040283
154414,4.2003936767578125
154456,4.952706813812256
154528,3.757848501205444
154550,3.615039825439453
154588,4.296051979064941
154665,3.993264198303223
154806,2.434274196624756
154822,4.357823848724365
154826,3.895800828933716
154930,4.691098690032959
155213,5.156733989715576
155231,4.330519199371338
155356,2.571908950805664
155366,5.335805892944336
155451,3.737339973449707
155462,5.202005863189697
155521,4.043502807617188
155546,5.166318416595459
155755,1.8987112045288088
155768,5.803537368774414
155793,5.047967910766602
155821,1.6834385395050049
155884,5.212004661560059
155901,4.6295599937438965
155981,4.300664901733398
156022,3.175447463989258
156219,4.395690441131592
156293,4.663668155670166
156402,1.322624444961548
156420,4.802704334259033
156573,5.134430885314941
156575,4.851057529449463
156609,5.257102012634277
156644,5.739777088165283
156683,5.089729309082031
156741,5.286988735198975
156843,1.3621282577514648
156958,0.8359802961349487
156988,4.258375644683838
156996,5.232701301574707
157012,5.442412376403809
157047,5.366694927215576
157066,4.206750392913818
157104,4.696001052856445
157322,4.267848014831543
157342,2.08687162399292
157379,5.10475492477417
157388,5.076442718505859
157398,5.223527431488037
157447,4.630132675170898
157500,4.807695865631104
157715,2.2482287883758545
157880,5.080297946929932
157885,4.877070426940918
158031,4.613158702850342
158121,2.408731698989868
158157,5.38896369934082
158234,2.0269691944122314
158293,5.092080593109131
158317,3.960968017578125
158320,4.820427894592285
158326,3.5527453422546387
158380,2.743518829345703
158533,5.216925144195557
158563,3.0333027839660645
158967,5.347743988037109
159075,4.106629371643066
159089,5.270219802856445
159128,5.311837673187256
159139,4.937530040740967
159176,5.424401760101318
159190,3.501726627349853
159245,4.770230293273926
159310,5.668905258178711
159360,3.246790170669556
159497,4.365166187286377
159543,3.436319351196289
159600,4.97597074508667
159606,5.329050064086914
159621,0.3304727077484131
159692,4.90087366104126
159718,5.18940019607544
159764,2.916562557220459
159780,4.925477027893066
159792,5.132402420043945
159830,5.3975830078125
159961,5.826650619506836
160043,4.988949775695801
160172,4.746642589569092
160194,5.171695709228516
160203,4.436697483062744
160221,5.097452163696289
160246,5.212950229644775
160351,3.116025447845459
160379,6.189317226409912
160449,4.399723052978516
160480,5.365069389343262
160490,5.616718769073486
160608,4.877768039703369
160653,4.656291484832764
160677,5.216585159301758
160707,3.1249141693115234
160741,5.27848482131958
160742,5.00758171081543
160787,5.038633346557617
160803,4.923851490020752
160889,5.231832504272461
160942,4.660148143768311
160991,4.251064300537109
161022,4.535290241241455
161050,5.2729034423828125
161113,4.887223720550537
161120,4.913939476013184
161144,5.426208019256592
161209,4.903195381164551
161247,5.046377182006836
161273,4.806679248809815
161308,3.2030601501464844
161398,5.069583415985107
161568,5.352730751037598
161580,4.952695846557617
161624,3.156693935394287
161662,3.188434600830078
161737,4.816833019256592
161741,4.046065330505371
161809,4.851704120635986
161869,4.987737655639648
161984,5.109302043914795
162003,4.302602767944336
162075,5.497910022735596
162092,1.2258766889572144
162101,4.95851469039917
162145,4.728579044342041
162277,5.15141487121582
162316,4.21053409576416
162337,3.679092168807984
162353,4.994263172149658
162426,4.732363700866699
162493,5.7083916664123535
162531,4.32984733581543
162551,5.096366882324219
162558,5.3556809425354
162566,5.000278472900391
162569,4.690998554229736
162615,5.5225043296813965
162679,5.054388523101807
162699,4.951764106750488
162738,1.9281439781188965
162812,4.923148155212402
162820,4.775763511657715
162894,5.277076721191406
162935,5.162108898162842
162958,3.465920925140381
163012,4.695566654205322
163038,4.537017822265625
163043,2.9511311054229736
163062,2.279111385345459
163079,3.764879703521729
163155,5.435988426208496
163219,5.441773414611816
163252,4.623738765716553
163273,1.738144874572754
163303,4.794509410858154
163420,4.016105175018311
163520,0.8621906042098999
163543,4.269679069519043
163583,5.31251859664917
163697,5.153066635131836
163744,2.634495258331299
163801,4.957342624664307
163834,4.026557445526123
163871,4.750184059143066
163898,4.11805534362793
163948,3.944819211959839
163950,3.35308837890625
164025,2.896667003631592
164051,4.964439392089844
164120,5.088945388793945
164125,5.213104724884033
164205,2.1630609035491943
164249,5.631409645080566
164251,5.4011311531066895
164268,3.5650696754455566
164281,2.662104368209839
164284,4.274203777313232
164351,4.60141134262085
164376,3.850027084350586
164445,1.8428728580474851
164479,3.373725414276123
164504,5.657440185546875
164544,4.943643569946289
164591,1.0459237098693848
164645,4.803101539611816
164662,4.881936073303223
164762,4.131936073303223
164766,4.251049041748047
164792,5.60274076461792
164947,5.323312759399414
165075,3.6295166015625
165102,2.9209249019622803
165188,3.8566956520080566
165193,4.49847412109375
165308,4.07001543045044
165337,4.803903102874756
165362,3.8934597969055176
165370,2.843833923339844
165427,5.025461673736572
165439,4.790796756744385
165508,3.932571411132813
165543,5.443424224853516
165560,4.700619220733643
165588,3.9764556884765625
165603,3.775436639785767
165637,4.07484769821167
165716,4.8380279541015625
165813,5.527687072753906
165915,5.318456649780273
165922,6.001516342163086
165928,4.270909309387207
166006,4.619888305664063
166087,5.732080936431885
166126,3.79830002784729
166173,3.046253204345703
166188,4.443788528442383
166203,2.57706880569458
166262,4.418292045593262
166279,4.627835273742676
166318,5.132033824920654
166394,5.17776346206665
166400,5.011451244354248
166437,5.24629545211792
166460,3.678258180618286
166461,5.175760746002197
166508,5.370393753051758
166565,5.3776445388793945
166580,4.841464996337891
166585,4.186073780059815
166648,2.529082775115967
166702,5.563931941986084
166732,4.868414878845215
166765,1.819655418395996
166767,4.807201862335205
166769,4.276488304138184
166824,5.140137672424316
166837,4.935665130615234
166961,5.624618053436279
166980,5.026480197906494
166989,4.972495079040527
167001,5.02950382232666
167009,4.777087211608887
167020,3.695991277694702
167029,5.405244827270508
167037,4.535401821136475
167186,4.944512367248535
167194,5.132197380065918
167214,4.844046592712402
167245,4.797908306121826
167294,3.386409044265747
167309,3.8271758556365967
167351,4.0115227699279785
167383,4.827815532684326
167424,3.637251138687134
167455,5.013907432556152
167501,3.276610851287842
167554,2.6841683387756348
167571,3.0100386142730717
167590,4.921694278717041
167657,4.488667964935303
167696,3.50419545173645
167721,4.410967826843262
167913,4.719303131103516
167953,3.8504467010498047
167983,3.315688133239746
168192,2.898391008377075
168202,5.090101718902588
168208,4.974409103393555
168242,5.292691707611084
168262,5.090488910675049
168362,2.877781629562378
168397,5.393390655517578
168417,0.679477334022522
168470,4.766713619232178
168535,5.464975833892822
168637,3.913161516189575
168714,2.4542081356048584
168735,3.955667018890381
168825,4.840540409088135
168827,5.235775470733643
168884,4.680198192596436
168979,4.038845062255859
169151,3.770601511001587
169238,3.553167819976806
169272,5.205009460449219
169278,3.766112565994263
169330,3.7116641998291016
169351,5.106410503387451
169354,2.7417426109313965
169413,1.5140689611434937
169449,5.257839202880859
169489,4.485820770263672
169526,4.959104061126709
169577,4.806943416595459
169609,5.364202976226807
169702,3.7850501537323
169848,5.035945415496826
169946,4.777480125427246
169991,4.236921310424805
170037,5.37859582901001
170155,4.094396114349365
170194,4.696288585662842
170262,5.051153182983398
170382,5.116781234741211
170488,0.8111013770103455
170534,4.629715919494629
170544,4.518803119659424
170573,5.4277777671813965
170633,4.947695732116699
170649,4.335324287414551
170659,5.503179550170898
170727,3.887140274047852
170742,5.108677387237549
170978,5.205044269561768
171035,4.97256326675415
171043,4.357322692871094
171111,3.2156970500946045
171206,5.26304292678833
171220,3.951392650604248
171237,3.923993587493897
171355,1.7892892360687256
171493,4.192240238189697
171502,5.188181400299072
171560,4.104848384857178
171584,5.049202919006348
171667,4.340548515319824
171706,4.813543796539307
171715,5.527436256408691
171952,4.083650588989258
171959,4.794145584106445
172096,1.0446237325668335
172101,4.018922805786133
172185,6.424829483032227
172234,5.278993606567383
172237,5.33641529083252
172255,4.912822723388672
172354,3.952337265014648
172381,5.325023174285889
172455,4.968212604522705
172485,4.500426292419434
172498,4.070876598358154
172523,4.370127201080322
172561,5.462680339813232
172584,3.007887363433838
172609,3.79586410522461
172688,3.264430284500122
172699,5.258252143859863
172730,4.689027786254883
172757,5.277064800262451
172787,4.571516513824463
172880,5.357158660888672
172892,5.077338695526123
172910,4.535184383392334
172996,2.7590982913970947
173007,4.891541481018066
173048,3.4189817905426025
173399,1.6542773246765137
173474,4.98709774017334
173521,5.892858505249023
173535,3.976512670516968
173569,2.9963436126708984
173638,5.10059118270874
173659,5.32345724105835
173687,4.497871398925781
173700,4.699018478393555
173705,4.498712062835693
173759,2.946338176727295
173779,4.182475566864014
173826,5.261218547821045
173950,4.787069797515869
173959,4.945245742797852
174019,3.922435998916626
174058,4.823164463043213
174078,5.108497619628906
174097,5.727254867553711
174106,3.174010753631592
174119,2.477238416671753
174142,5.261067867279053
174209,4.827776908874512
174271,5.310792446136475
174287,5.68800687789917
174351,3.952358722686768
174394,5.509997367858887
174485,4.899350643157959
174604,4.813782215118408
174823,5.505788803100586
174833,4.479814052581787
174847,4.860488414764404
174864,4.989533424377441
174868,5.013888359069824
174981,4.357157707214356
174994,4.727754592895508
175000,4.042604446411133
175016,3.946676254272461
175042,3.5603573322296143
175181,5.106300354003906
175317,4.900691032409668
175318,3.251309633255005
175340,5.123834609985352
175341,5.533364772796631
175390,3.0363919734954834
175529,4.663110733032227
175535,5.659542560577393
175549,5.170646190643311
175620,3.6936075687408447
175681,4.2995147705078125
175687,4.468375205993652
175748,4.628568172454834
175785,4.193572998046875
175792,3.467747449874878
175853,5.236693382263184
175869,4.184823513031006
175874,3.8025810718536377
175893,2.283297538757324
175894,4.8974690437316895
175909,4.21464204788208
175972,4.597917556762695
176042,3.2031500339508057
176088,4.207999229431152
176189,3.59914231300354
176191,3.906016111373901
176229,4.327874183654785
176234,5.440112590789795
176293,3.4388999938964844
176340,4.804317951202393
176394,5.294912338256836
176404,5.413789749145508
176412,4.829495429992676
176425,5.350811004638672
176448,2.93887996673584
176503,5.134689807891846
176633,4.418948173522949
176708,3.829968690872192
176779,2.418640375137329
176958,4.851099967956543
176959,4.740500450134277
176998,5.059249877929688
177003,4.896450042724609
177022,3.884634733200073
177032,5.126591205596924
177096,4.0765299797058105
177099,4.990166187286377
177115,4.707176208496094
177141,4.406544208526611
177145,4.331780433654785
177182,5.315655708312988
177186,4.4467453956604
177238,5.016862869262695
177244,4.682253837585449
177418,3.991128921508789
177427,3.667557001113892
177478,4.172163009643555
177514,2.516540765762329
177539,4.766106128692627
177657,6.450314521789551
177701,3.649257659912109
177860,5.4420905113220215
177900,4.685823917388916
178014,4.514197826385498
178041,5.590494632720947
178048,4.9437103271484375
178051,4.091991901397705
178081,4.894172668457031
178185,3.581825017929077
178235,3.788090705871582
178249,3.877965450286865
178335,4.812758922576904
178480,5.455081939697266
178646,4.83112096786499
178711,3.354964017868042
178738,4.77017879486084
178748,5.42061710357666
178858,3.957103967666626
178880,5.2870283126831055
178951,4.224300861358643
179042,5.203952789306641
179085,4.249919414520264
179092,4.870616436004639
179095,5.6046142578125
179141,4.673895359039307
179205,3.769444465637207
179267,3.9651832580566406
179316,3.756911039352417
179325,3.752540826797485
179476,5.248082160949707
179493,5.817415237426758
179501,1.5266169309616089
179508,4.098879814147949
179578,3.9968435764312735
179626,4.403490543365479
179627,6.417253494262695
179661,3.825336217880249
179695,5.439188003540039
179774,3.702000617980957
179797,5.753202438354492
179860,5.211096286773682
179865,2.8737943172454834
179866,6.18046760559082
179867,5.337192535400391
179896,4.527116775512695
179996,1.086237907409668
179998,5.094295024871826
180001,4.250263214111328
180004,5.270397663116455
180052,5.574251174926758
180053,5.507514953613281
180088,1.3619704246520996
180138,4.080256462097168
180152,5.210513114929199
180170,4.90358304977417
180177,3.686501026153565
180202,2.741864919662476
180226,5.126673221588135
180363,4.937943458557129
180374,5.011497497558594
180536,3.9130940437316895
180561,4.520516872406006
180648,3.838842391967773
180758,0.9709653854370116
180864,4.66594123840332
180890,5.431891441345215
180957,3.892821311950684
181030,4.56579065322876
181082,4.438949108123779
181182,4.3251633644104
